,Country Code,Year,SVMCI
0,AGO,1996,0.05807600571764285
1,AGO,1997,0.12739734265215208
2,AGO,1998,0.12561041893016178
3,AGO,1999,0.20790411910069997
4,AGO,2000,0.14690337042494453
5,AGO,2001,0.18194782410510038
6,AGO,2002,0.13728236422106782
7,AGO,2003,0.13243271507894677
8,AGO,2004,0.22096702076254235
9,AGO,2005,0.22052883936100184
10,AGO,2006,0.18576340737332572
11,AGO,2007,0.20510994951769226
12,AGO,2008,0.2109864693620035
13,AGO,2009,0.2078430195842527
14,AGO,2010,0.2161493947769852
15,AGO,2011,0.1799880279402225
16,AGO,2012,0.16417283996030801
17,AGO,2013,0.1779046481539646
18,AGO,2014,0.1542474510173984
19,AGO,2015,0.14207119589215164
20,AGO,2016,0.14621010645609636
21,ALB,1996,0.25150766735796287
22,ALB,1997,0.1836551602076084
23,ALB,1998,0.31966324602435564
24,ALB,1999,0.2838826156939973
25,ALB,2000,0.32149905701518944
26,ALB,2001,0.2780122608531567
27,ALB,2002,0.17830231634722185
28,ALB,2003,0.2547492174454758
29,ALB,2004,0.14224739156947
30,ALB,2005,0.1343618633980201
31,ALB,2006,0.1346375735883348
32,ALB,2007,0.14814455398844376
33,ALB,2008,0.13109047139816227
34,ALB,2009,0.11940778697815427
35,ALB,2010,0.0895025036569468
36,ALB,2011,0.0742690360255145
37,ALB,2012,0.08032080250054441
38,ALB,2013,0.10413690629792483
39,ALB,2014,0.17066002976235992
40,ALB,2015,0.15028743193079053
41,ALB,2016,0.144723406067332
42,ARE,1996,0.2524882787058803
43,ARE,1997,0.2184176701829339
44,ARE,1998,0.38391858694952785
45,ARE,1999,0.3121276058105948
46,ARE,2000,0.3544120907863782
47,ARE,2001,0.26632771787840787
48,ARE,2002,0.2844828576639888
49,ARE,2003,0.18811005970837397
50,ARE,2004,0.19792833641824517
51,ARE,2005,0.15995529492254904
52,ARE,2006,0.19833728670013706
53,ARE,2007,0.166263262340182
54,ARE,2008,0.2312984620153084
55,ARE,2009,0.26637023238884006
56,ARE,2010,0.24217466539435392
57,ARE,2011,0.3285213783062293
58,ARE,2012,0.3664729144776539
59,ARE,2013,0.3991585203325255
60,ARE,2014,0.5042901097884763
61,ARE,2015,0.5333918671606914
62,ARE,2016,0.568606767489352
63,ARG,1996,0.19465289396725877
64,ARG,1997,0.23022965838327897
65,ARG,1998,0.32675109589973633
66,ARG,1999,0.16172849247754145
67,ARG,2000,0.2581843304319998
68,ARG,2001,0.1674228193883705
69,ARG,2002,0.10824896089546845
70,ARG,2003,0.18403632201545092
71,ARG,2004,0.22850405502871066
72,ARG,2005,0.1889610300935472
73,ARG,2006,0.24947343000848946
74,ARG,2007,0.2377542403351426
75,ARG,2008,0.161567869154942
76,ARG,2009,0.14486594694393964
77,ARG,2010,0.1397976574332257
78,ARG,2011,0.13619621610409402
79,ARG,2012,0.09122992716636547
80,ARG,2013,0.11332392607157823
81,ARG,2014,0.12051255164644373
82,ARG,2015,0.09404316220898293
83,ARG,2016,0.16988149072907177
84,ARM,1996,0.2273906907456213
85,ARM,1997,0.23119418263161534
86,ARM,1998,0.17271340190604978
87,ARM,1999,0.2255226378284477
88,ARM,2000,0.19706582862317767
89,ARM,2001,0.27096030368690394
90,ARM,2002,0.21289250579643457
91,ARM,2003,0.22371890620817333
92,ARM,2004,0.16167245161321203
93,ARM,2005,0.18362850441311854
94,ARM,2006,0.162450187184081
95,ARM,2007,0.17352703920674573
96,ARM,2008,0.15804871477076893
97,ARM,2009,0.1716207669470368
98,ARM,2010,0.1790754936658961
99,ARM,2011,0.18343800133411473
100,ARM,2012,0.21220367561912148
101,ARM,2013,0.20077920564131777
102,ARM,2014,0.17469795060337281
103,ARM,2015,0.18889643991098395
104,ARM,2016,0.15297755271711516
105,AUS,1996,0.7798913184439005
106,AUS,1997,0.7761727776970471
107,AUS,1998,0.831960676769413
108,AUS,1999,0.8115463906590676
109,AUS,2000,0.7873075391979789
110,AUS,2001,0.8167839315386267
111,AUS,2002,0.8001137152409682
112,AUS,2003,0.8016444940412771
113,AUS,2004,0.8052763937953942
114,AUS,2005,0.8067617855861504
115,AUS,2006,0.8132278043793874
116,AUS,2007,0.8052733839131969
117,AUS,2008,0.8109760559404265
118,AUS,2009,0.8060179383639813
119,AUS,2010,0.8134946176574827
120,AUS,2011,0.8386310574877515
121,AUS,2012,0.8340998337659734
122,AUS,2013,0.8351588834398109
123,AUS,2014,0.8216894289809493
124,AUS,2015,0.8348105103691387
125,AUS,2016,0.8398442510603015
126,AUT,1996,0.787096431858369
127,AUT,1997,0.8057237919897441
128,AUT,1998,0.7973492392505934
129,AUT,1999,0.8082083640447532
130,AUT,2000,0.8132164650037148
131,AUT,2001,0.8044821886502255
132,AUT,2002,0.8048972781744843
133,AUT,2003,0.8091182906266332
134,AUT,2004,0.823925332864063
135,AUT,2005,0.7799393565425672
136,AUT,2006,0.7855711413655516
137,AUT,2007,0.7681064884544634
138,AUT,2008,0.769939587649835
139,AUT,2009,0.7792543731329034
140,AUT,2010,0.7826165627367248
141,AUT,2011,0.777676897238842
142,AUT,2012,0.770702610232477
143,AUT,2013,0.7762183214831567
144,AUT,2014,0.7757257859008276
145,AUT,2015,0.785694929901081
146,AUT,2016,0.8255123566185117
147,AZE,1996,0.1761513334170624
148,AZE,1997,0.17450334009605795
149,AZE,1998,0.17680482620183485
150,AZE,1999,0.19617860646636567
151,AZE,2000,0.1425575844043588
152,AZE,2001,0.18727580843442007
153,AZE,2002,0.17927836152698223
154,AZE,2003,0.1810772985921891
155,AZE,2004,0.20044340265451915
156,AZE,2005,0.21946791604108018
157,AZE,2006,0.1758630325673472
158,AZE,2007,0.20128031989370718
159,AZE,2008,0.18403912982193563
160,AZE,2009,0.1637109810393689
161,AZE,2010,0.17140634239791774
162,AZE,2011,0.1636178099487271
163,AZE,2012,0.1753422357777933
164,AZE,2013,0.14935709654154972
165,AZE,2014,0.13531169603825277
166,AZE,2015,0.13856771670736748
167,AZE,2016,0.12809672874860958
168,BEL,1996,0.7694673725078789
169,BEL,1997,0.7625603779448409
170,BEL,1998,0.7824703411679553
171,BEL,1999,0.7765784806272094
172,BEL,2000,0.7803837470352423
173,BEL,2001,0.7996022923393835
174,BEL,2002,0.781263402150207
175,BEL,2003,0.8210676845968674
176,BEL,2004,0.8390894070380177
177,BEL,2005,0.8427488014746035
178,BEL,2006,0.8378726217172133
179,BEL,2007,0.8467825246065694
180,BEL,2008,0.8485672996740597
181,BEL,2009,0.8327551026141458
182,BEL,2010,0.8360401748439199
183,BEL,2011,0.8169072491357227
184,BEL,2012,0.8104119365583019
185,BEL,2013,0.8199890913635628
186,BEL,2014,0.827017852508864
187,BEL,2015,0.8423773810868419
188,BEL,2016,0.8329136596595658
189,BFA,1996,0.16387168907711036
190,BFA,1997,0.27395891109420256
191,BFA,1998,0.15647163585844237
192,BFA,1999,0.3132166121824953
193,BFA,2000,0.3333657147320465
194,BFA,2001,0.23734680880015283
195,BFA,2002,0.1789128457495057
196,BFA,2003,0.18737256700454916
197,BFA,2004,0.1696551996053295
198,BFA,2005,0.16692788911772904
199,BFA,2006,0.16999564456536254
200,BFA,2007,0.18685003651381038
201,BFA,2008,0.16969249537030906
202,BFA,2009,0.16091503064992219
203,BFA,2010,0.15809014990153222
204,BFA,2011,0.15130503016487964
205,BFA,2012,0.15409476579073952
206,BFA,2013,0.13715754618776216
207,BFA,2014,0.143330930692411
208,BFA,2015,0.16519189966948064
209,BFA,2016,0.3107857699511805
210,BGD,1996,0.09698800393713146
211,BGD,1997,0.19856581754658917
212,BGD,1998,0.22594292931673515
213,BGD,1999,0.14924115906337354
214,BGD,2000,0.16568301594945656
215,BGD,2001,0.10344281882346565
216,BGD,2002,0.14424701887103591
217,BGD,2003,0.1471278369924364
218,BGD,2004,0.13862280313181843
219,BGD,2005,0.14029389361573902
220,BGD,2006,0.13063495759740168
221,BGD,2007,0.11583623198305883
222,BGD,2008,0.08389802432572895
223,BGD,2009,0.10196696009931348
224,BGD,2010,0.08177232508795607
225,BGD,2011,0.057005610967004
226,BGD,2012,0.05195977700685471
227,BGD,2013,0.05764584604081484
228,BGD,2014,0.0694317111860577
229,BGD,2015,0.08204389976773727
230,BGD,2016,0.09151736605050625
231,BGR,1996,0.17319012987855123
232,BGR,1997,0.39279680564725145
233,BGR,1998,0.40898298124089055
234,BGR,1999,0.3422197160564311
235,BGR,2000,0.29579383225866
236,BGR,2001,0.17938767099818037
237,BGR,2002,0.22245194769527726
238,BGR,2003,0.1584631327468231
239,BGR,2004,0.10683772686567235
240,BGR,2005,0.12851315662229904
241,BGR,2006,0.17783438113988825
242,BGR,2007,0.17086643785762887
243,BGR,2008,0.11694568625294464
244,BGR,2009,0.12843994274379938
245,BGR,2010,0.1333543741080896
246,BGR,2011,0.09945846341674786
247,BGR,2012,0.12393945489877696
248,BGR,2013,0.10572100350625166
249,BGR,2014,0.09397802263253797
250,BGR,2015,0.09694954881232913
251,BGR,2016,0.10087738093330134
252,BHR,1996,0.1684611200851306
253,BHR,1997,0.24856621364634146
254,BHR,1998,0.24985013519078947
255,BHR,1999,0.2692502975678234
256,BHR,2000,0.2698257295235242
257,BHR,2001,0.20221400876401993
258,BHR,2002,0.1933421736733431
259,BHR,2003,0.24294006587702915
260,BHR,2004,0.26969295080520755
261,BHR,2005,0.19107810363170985
262,BHR,2006,0.1532258393406565
263,BHR,2007,0.17644143453497807
264,BHR,2008,0.20897787272870355
265,BHR,2009,0.2318657339239235
266,BHR,2010,0.21245058997234026
267,BHR,2011,0.22180924170215296
268,BHR,2012,0.22980528376315068
269,BHR,2013,0.27775398617257024
270,BHR,2014,0.2972492137680013
271,BHR,2015,0.30511226847313666
272,BHR,2016,0.3261446911135341
273,BHS,1996,0.7987253294630009
274,BHS,1997,0.8771586773198403
275,BHS,1998,0.8360377457722168
276,BHS,1999,0.8510110012866715
277,BHS,2000,0.8286362759057443
278,BHS,2001,0.8153577362519229
279,BHS,2002,0.8253103022101433
280,BHS,2003,0.82312055250284
281,BHS,2004,0.8394472830191952
282,BHS,2005,0.8509817044610214
283,BHS,2006,0.7754847289243766
284,BHS,2007,0.8170752594386632
285,BHS,2008,0.8169083236769025
286,BHS,2009,0.7344334390792298
287,BHS,2010,0.7876296895094516
288,BHS,2011,0.7694121410796746
289,BHS,2012,0.7515007293766837
290,BHS,2013,0.7461557392076522
291,BHS,2014,0.6888951728995615
292,BHS,2015,0.6640791649800027
293,BHS,2016,0.6265675781456927
294,BLR,1996,0.16152502743409564
295,BLR,1997,0.18776471848212548
296,BLR,1998,0.18979974895037188
297,BLR,1999,0.21149451035488942
298,BLR,2000,0.2770770489986776
299,BLR,2001,0.2649702680745933
300,BLR,2002,0.25431945739143574
301,BLR,2003,0.1670980824903397
302,BLR,2004,0.1907764850419141
303,BLR,2005,0.21437093303981422
304,BLR,2006,0.2055988709123993
305,BLR,2007,0.2056623097008327
306,BLR,2008,0.20954755340329204
307,BLR,2009,0.20201636426039069
308,BLR,2010,0.19556645669363842
309,BLR,2011,0.1980414274363747
310,BLR,2012,0.20503161818905824
311,BLR,2013,0.2022801392321018
312,BLR,2014,0.20994173940681463
313,BLR,2015,0.2064892569857459
314,BLR,2016,0.1977219209572069
315,BOL,1996,0.29851394712583407
316,BOL,1997,0.16721396563498162
317,BOL,1998,0.13081017812217774
318,BOL,1999,0.12225032143182504
319,BOL,2000,0.12422026390148987
320,BOL,2001,0.12985687083182038
321,BOL,2002,0.12314711752275158
322,BOL,2003,0.14993941718734552
323,BOL,2004,0.12866176361198237
324,BOL,2005,0.12396099870441556
325,BOL,2006,0.22297030565056608
326,BOL,2007,0.19623298826471444
327,BOL,2008,0.1723144062169332
328,BOL,2009,0.2065641642407832
329,BOL,2010,0.23031919677481363
330,BOL,2011,0.217176235737795
331,BOL,2012,0.21813638955556144
332,BOL,2013,0.19169747604761067
333,BOL,2014,0.1787166445620834
334,BOL,2015,0.15977262849112842
335,BOL,2016,0.16218671565933365
336,BRA,1996,0.04006438482493257
337,BRA,1997,0.11746913521718176
338,BRA,1998,0.1384213110036386
339,BRA,1999,0.17874715112102918
340,BRA,2000,0.19566100697514788
341,BRA,2001,0.159303092486371
342,BRA,2002,0.25467246719915265
343,BRA,2003,0.1678393569047767
344,BRA,2004,0.1681487123536315
345,BRA,2005,0.15512993995302052
346,BRA,2006,0.12705964982632145
347,BRA,2007,0.13588421487433375
348,BRA,2008,0.11561385026638647
349,BRA,2009,0.1208365882150987
350,BRA,2010,0.10281524167279436
351,BRA,2011,0.08387851396699006
352,BRA,2012,0.07434895803041039
353,BRA,2013,0.0755893706836685
354,BRA,2014,0.11761700679685996
355,BRA,2015,0.12442194723758043
356,BRA,2016,0.11199697077481659
357,BRN,1996,0.5379120452574215
358,BRN,1997,0.4582009894183413
359,BRN,1998,0.46081873431617215
360,BRN,1999,0.39666105454839196
361,BRN,2000,0.434689385921516
362,BRN,2001,0.43989983905826735
363,BRN,2002,0.46564403022243694
364,BRN,2003,0.38863724858816273
365,BRN,2004,0.21623548542597745
366,BRN,2005,0.16396444236913038
367,BRN,2006,0.22065343345789198
368,BRN,2007,0.32917224569324727
369,BRN,2008,0.3239144571480581
370,BRN,2009,0.3145715268458046
371,BRN,2010,0.3195626434207087
372,BRN,2011,0.3494331197185536
373,BRN,2012,0.3448639417449236
374,BRN,2013,0.27682937611427233
375,BRN,2014,0.3077229669241052
376,BRN,2015,0.2828273382458682
377,BRN,2016,0.31803314604088095
378,BWA,1996,0.3212788550741721
379,BWA,1997,0.35087896351503883
380,BWA,1998,0.29518314248523925
381,BWA,1999,0.29370645462256295
382,BWA,2000,0.28010591539831964
383,BWA,2001,0.3042871480262623
384,BWA,2002,0.31200898420071294
385,BWA,2003,0.4293252360682181
386,BWA,2004,0.40009318630831037
387,BWA,2005,0.4123326255007798
388,BWA,2006,0.3768410904427876
389,BWA,2007,0.3855369335360785
390,BWA,2008,0.3962460151647301
391,BWA,2009,0.3593744533499335
392,BWA,2010,0.37227953276011044
393,BWA,2011,0.40688272225668953
394,BWA,2012,0.43206320238137624
395,BWA,2013,0.39709086210462907
396,BWA,2014,0.3906250736361957
397,BWA,2015,0.38966407313934365
398,BWA,2016,0.383634031486595
399,CAN,1996,0.8103542104035467
400,CAN,1997,0.7947846410453584
401,CAN,1998,0.7966677089001287
402,CAN,1999,0.809803433000682
403,CAN,2000,0.8152163245215392
404,CAN,2001,0.790727402589714
405,CAN,2002,0.8037685864667845
406,CAN,2003,0.8109400250405462
407,CAN,2004,0.8252008096103619
408,CAN,2005,0.8456827234232606
409,CAN,2006,0.8319420629377849
410,CAN,2007,0.8330508420900904
411,CAN,2008,0.8320616431609251
412,CAN,2009,0.8291273450036767
413,CAN,2010,0.8232463815741649
414,CAN,2011,0.8211952678764826
415,CAN,2012,0.8239696381751191
416,CAN,2013,0.8360711789813836
417,CAN,2014,0.8299698761980832
418,CAN,2015,0.8482777099270961
419,CAN,2016,0.8381114755880862
420,CHE,1996,0.7873874730378366
421,CHE,1997,0.7783359714778906
422,CHE,1998,0.7554789765732685
423,CHE,1999,0.7683722578339309
424,CHE,2000,0.762851692381082
425,CHE,2001,0.764214693060871
426,CHE,2002,0.7512165156907515
427,CHE,2003,0.7551291183947167
428,CHE,2004,0.7612134376321964
429,CHE,2005,0.7562937003948856
430,CHE,2006,0.760954217900976
431,CHE,2007,0.7554851020278427
432,CHE,2008,0.7596391234862323
433,CHE,2009,0.7626151872961253
434,CHE,2010,0.7685568397025562
435,CHE,2011,0.761450462186246
436,CHE,2012,0.740399831652646
437,CHE,2013,0.7389708907189166
438,CHE,2014,0.7383873137335373
439,CHE,2015,0.7441533958533134
440,CHE,2016,0.7478242759985465
441,CHL,1996,0.6527899707916615
442,CHL,1997,0.8410043804116053
443,CHL,1998,0.732357510552281
444,CHL,1999,0.7812373731291745
445,CHL,2000,0.7385663986022155
446,CHL,2001,0.7773913562664608
447,CHL,2002,0.8705224259445214
448,CHL,2003,0.8101909359177032
449,CHL,2004,0.7973533750779316
450,CHL,2005,0.8366557505599617
451,CHL,2006,0.7743579812510045
452,CHL,2007,0.7985842229500582
453,CHL,2008,0.7845666325570412
454,CHL,2009,0.8386986600860444
455,CHL,2010,0.8840953794348546
456,CHL,2011,0.8616714310833259
457,CHL,2012,0.8633332583752104
458,CHL,2013,0.844276379397198
459,CHL,2014,0.8208216689859925
460,CHL,2015,0.7867883969087973
461,CHL,2016,0.7340437972209274
462,CHN,1996,0.20014235993720753
463,CHN,1997,0.20820640585483202
464,CHN,1998,0.12497257235147491
465,CHN,1999,0.11488128656749748
466,CHN,2000,0.14234627703342143
467,CHN,2001,0.13670584611497089
468,CHN,2002,0.1458644348824128
469,CHN,2003,0.20299654182333388
470,CHN,2004,0.18515613937861577
471,CHN,2005,0.13171940250512768
472,CHN,2006,0.11198742216179498
473,CHN,2007,0.11655147284506454
474,CHN,2008,0.10909870557476989
475,CHN,2009,0.09894716543981107
476,CHN,2010,0.11019858281663712
477,CHN,2011,0.11965688546435162
478,CHN,2012,0.11996761745070178
479,CHN,2013,0.10433928496317643
480,CHN,2014,0.12114293863019263
481,CHN,2015,0.1372788298564738
482,CHN,2016,0.13982996112353405
483,CIV,1996,0.10611850461641437
484,CIV,1997,0.14645751955292644
485,CIV,1998,0.1561690512908634
486,CIV,1999,0.2399783143702478
487,CIV,2000,0.06865018608679704
488,CIV,2001,0.07726268867609946
489,CIV,2002,0.09603791190171436
490,CIV,2003,0.1924815977566363
491,CIV,2004,0.17960121368870546
492,CIV,2005,0.1893200086451713
493,CIV,2006,0.17435105409555593
494,CIV,2007,0.15856462563993648
495,CIV,2008,0.15693915021151825
496,CIV,2009,0.14480581630967593
497,CIV,2010,0.16168914004952936
498,CIV,2011,0.1292821239155065
499,CIV,2012,0.11712374555991897
500,CIV,2013,0.1460994159709313
501,CIV,2014,0.13973449983980205
502,CIV,2015,0.07855998001820017
503,CIV,2016,0.11664100829833206
504,CMR,1996,0.00017685884942368867
505,CMR,1997,0.1390519989611208
506,CMR,1998,0.22899992354672263
507,CMR,1999,0.1975532776443548
508,CMR,2000,0.21659751403091299
509,CMR,2001,0.1798707968615826
510,CMR,2002,0.19636033649661103
511,CMR,2003,0.17624750555939594
512,CMR,2004,0.1461102103469857
513,CMR,2005,0.16854118508201965
514,CMR,2006,0.19441166779010877
515,CMR,2007,0.19682666158335102
516,CMR,2008,0.21634399606352134
517,CMR,2009,0.22828076478133874
518,CMR,2010,0.2246573482815463
519,CMR,2011,0.17598136072768958
520,CMR,2012,0.13632207940246888
521,CMR,2013,0.16403149305321602
522,CMR,2014,0.14103571175270907
523,CMR,2015,0.139879546870567
524,CMR,2016,0.14229314292833695
525,COG,1996,0.10614539658188878
526,COG,1997,0.08606652016943471
527,COG,1998,0.2923285359796922
528,COG,1999,0.4504886674037841
529,COG,2000,0.3529078773135099
530,COG,2001,0.32876505819217244
531,COG,2002,0.16609936153172522
532,COG,2003,0.10877334800870943
533,COG,2004,0.10140739709447535
534,COG,2005,0.12073858536672082
535,COG,2006,0.15301796636041654
536,COG,2007,0.16502637623004787
537,COG,2008,0.15497327587329138
538,COG,2009,0.16866106628288155
539,COG,2010,0.1669503392118134
540,COG,2011,0.1812433676826347
541,COG,2012,0.17853937659365773
542,COG,2013,0.1784485278283874
543,COG,2014,0.1801692063882862
544,COG,2015,0.1703907159784661
545,COG,2016,0.17627282880823145
546,COL,1996,0.16321878728005537
547,COL,1997,0.18247860615726524
548,COL,1998,0.21917018302516092
549,COL,1999,0.1994062067853684
550,COL,2000,0.14176167960936795
551,COL,2001,0.21150801647206266
552,COL,2002,0.2445436374535792
553,COL,2003,0.31344010515308746
554,COL,2004,0.32197557527586546
555,COL,2005,0.29156878764257765
556,COL,2006,0.3055853854006045
557,COL,2007,0.29724419732828106
558,COL,2008,0.2907535689978013
559,COL,2009,0.2549671586830942
560,COL,2010,0.23218786479400438
561,COL,2011,0.27304057765241396
562,COL,2012,0.29600473986911013
563,COL,2013,0.2135108055704865
564,COL,2014,0.15255417151969872
565,COL,2015,0.15340876073938622
566,COL,2016,0.11160829720779289
567,CRI,1996,0.3453215156672007
568,CRI,1997,0.34769583867172726
569,CRI,1998,0.47305143400212957
570,CRI,1999,0.4157612995505903
571,CRI,2000,0.46485813760943934
572,CRI,2001,0.3425805118964566
573,CRI,2002,0.35105341197970935
574,CRI,2003,0.21698615775470928
575,CRI,2004,0.1914011016844031
576,CRI,2005,0.20159516612571726
577,CRI,2006,0.18279182429549454
578,CRI,2007,0.15822235764116668
579,CRI,2008,0.14010563698998627
580,CRI,2009,0.19538063284439366
581,CRI,2010,0.22098350436578557
582,CRI,2011,0.17825599510284817
583,CRI,2012,0.24153143387478132
584,CRI,2013,0.23307266710081864
585,CRI,2014,0.2166009811122819
586,CRI,2015,0.20447772072677153
587,CRI,2016,0.1899031747633807
588,CUB,1996,0.2906760089195095
589,CUB,1997,0.26385141584174415
590,CUB,1998,0.15908641915684188
591,CUB,1999,0.18442702814280176
592,CUB,2000,0.16850387479410528
593,CUB,2001,0.12892802746265486
594,CUB,2002,0.14248357963337768
595,CUB,2003,0.16688453600184097
596,CUB,2004,0.17286969901306584
597,CUB,2005,0.1677586697711757
598,CUB,2006,0.14200883032761213
599,CUB,2007,0.1469966347433142
600,CUB,2008,0.1694755379427433
601,CUB,2009,0.1550102343487986
602,CUB,2010,0.15090068573880794
603,CUB,2011,0.1537291831631588
604,CUB,2012,0.15943326261293408
605,CUB,2013,0.16418178206694
606,CUB,2014,0.13620507111729638
607,CUB,2015,0.13538830721026981
608,CUB,2016,0.14680069784407138
609,CYP,1996,0.7667979155978364
610,CYP,1997,0.781969165548029
611,CYP,1998,0.7341730164338599
612,CYP,1999,0.7600609295644462
613,CYP,2000,0.7435597269271318
614,CYP,2001,0.7979388046805965
615,CYP,2002,0.7910053104033475
616,CYP,2003,0.7336251456542873
617,CYP,2004,0.7590476864725687
618,CYP,2005,0.7784873152964686
619,CYP,2006,0.7972029049898587
620,CYP,2007,0.8134876241129178
621,CYP,2008,0.8142889308485469
622,CYP,2009,0.8522039172735459
623,CYP,2010,0.8665170134851164
624,CYP,2011,0.8597188458998932
625,CYP,2012,0.8221095728515694
626,CYP,2013,0.7705938771732492
627,CYP,2014,0.7268251009324672
628,CYP,2015,0.7759598365131619
629,CYP,2016,0.7404831099058676
630,CZE,1996,0.7669225850872271
631,CZE,1997,0.7231178575227094
632,CZE,1998,0.7023658293022645
633,CZE,1999,0.693897049358181
634,CZE,2000,0.5511728744540807
635,CZE,2001,0.6871745083079442
636,CZE,2002,0.7528605444041706
637,CZE,2003,0.7060213578669955
638,CZE,2004,0.6324737049593625
639,CZE,2005,0.7183767629897524
640,CZE,2006,0.7630924902003091
641,CZE,2007,0.7442221707752604
642,CZE,2008,0.7745558867198079
643,CZE,2009,0.717693427664999
644,CZE,2010,0.7414446152084303
645,CZE,2011,0.7927539500076474
646,CZE,2012,0.7831836071260765
647,CZE,2013,0.7846997435682156
648,CZE,2014,0.8330033998219295
649,CZE,2015,0.8047805627407405
650,CZE,2016,0.7578732032684388
651,DEU,1996,0.7676189114653529
652,DEU,1997,0.7793222460708449
653,DEU,1998,0.7862770677219988
654,DEU,1999,0.8189980004894829
655,DEU,2000,0.8040540811028875
656,DEU,2001,0.794488648295441
657,DEU,2002,0.8230099801584538
658,DEU,2003,0.8248652918516886
659,DEU,2004,0.8174129605024949
660,DEU,2005,0.8145256915807945
661,DEU,2006,0.8101766218595146
662,DEU,2007,0.8180063436856582
663,DEU,2008,0.8034909760438809
664,DEU,2009,0.8124007813509365
665,DEU,2010,0.8259399866017839
666,DEU,2011,0.8310475465735851
667,DEU,2012,0.8268089829434553
668,DEU,2013,0.814218001269499
669,DEU,2014,0.8088178329301946
670,DEU,2015,0.8271229836465395
671,DEU,2016,0.8341674444788236
672,DNK,1996,0.7915770502510119
673,DNK,1997,0.7666726853421878
674,DNK,1998,0.7765456002319777
675,DNK,1999,0.7837920018849903
676,DNK,2000,0.785610620534574
677,DNK,2001,0.7862696769163618
678,DNK,2002,0.7978242496176752
679,DNK,2003,0.7938633954852615
680,DNK,2004,0.8246481410268052
681,DNK,2005,0.8169677433094308
682,DNK,2006,0.8164702733042024
683,DNK,2007,0.8025336162240136
684,DNK,2008,0.8125847379986146
685,DNK,2009,0.8261811949792847
686,DNK,2010,0.8278277475796446
687,DNK,2011,0.8415830436500306
688,DNK,2012,0.8599950755409577
689,DNK,2013,0.8644969002210079
690,DNK,2014,0.842391088883352
691,DNK,2015,0.8466130183000875
692,DNK,2016,0.8613375675421007
693,DOM,1996,0.1262557208906376
694,DOM,1997,0.16960251562762793
695,DOM,1998,0.17982303094896165
696,DOM,1999,0.20132785626981625
697,DOM,2000,0.2968370409917377
698,DOM,2001,0.28406461085493123
699,DOM,2002,0.28318245726572344
700,DOM,2003,0.2047280423628407
701,DOM,2004,0.17022199865101015
702,DOM,2005,0.1593241465480603
703,DOM,2006,0.1629508733086236
704,DOM,2007,0.18176348615867965
705,DOM,2008,0.18439503705582758
706,DOM,2009,0.19063272193021183
707,DOM,2010,0.18669737222228502
708,DOM,2011,0.17852534412026128
709,DOM,2012,0.2009221831799106
710,DOM,2013,0.20192094723644524
711,DOM,2014,0.18857372498589778
712,DOM,2015,0.20321056127628642
713,DOM,2016,0.18618168637801658
714,DZA,1996,0.3414098271966918
715,DZA,1997,0.2569463388696203
716,DZA,1998,0.22261453428785088
717,DZA,1999,0.1865842234740299
718,DZA,2000,0.18826139561372573
719,DZA,2001,0.1695128456948307
720,DZA,2002,0.16112487016364882
721,DZA,2003,0.15934749918573357
722,DZA,2004,0.19593144616105773
723,DZA,2005,0.1729800653367974
724,DZA,2006,0.1739548212921418
725,DZA,2007,0.16641204362104722
726,DZA,2008,0.16397958167458002
727,DZA,2009,0.15327406022934026
728,DZA,2010,0.1469614373980766
729,DZA,2011,0.11583059019587658
730,DZA,2012,0.12020638385302636
731,DZA,2013,0.12517471551547069
732,DZA,2014,0.122374636897537
733,DZA,2015,0.1252868245835575
734,DZA,2016,0.12343070742041083
735,ECU,1996,0.10669292799983995
736,ECU,1997,0.17683106037565688
737,ECU,1998,0.17929993182562037
738,ECU,1999,0.12438200787473945
739,ECU,2000,0.15098405090934072
740,ECU,2001,0.1050378590109085
741,ECU,2002,0.09542222303283063
742,ECU,2003,0.08035218600983919
743,ECU,2004,0.08407783432581345
744,ECU,2005,0.08589016803788245
745,ECU,2006,0.09791602943797822
746,ECU,2007,0.09615093788203932
747,ECU,2008,0.1112862667031622
748,ECU,2009,0.12439318035845316
749,ECU,2010,0.12894258878158563
750,ECU,2011,0.11967392445999556
751,ECU,2012,0.12017708238658878
752,ECU,2013,0.1224795535801034
753,ECU,2014,0.13525058720426633
754,ECU,2015,0.12730506523481194
755,ECU,2016,0.14002558362272752
756,EGY,1996,0.2053744240425872
757,EGY,1997,0.21748562977233582
758,EGY,1998,0.20438075303519868
759,EGY,1999,0.18525953988229635
760,EGY,2000,0.19134854564898113
761,EGY,2001,0.18514127700455327
762,EGY,2002,0.19479020987943227
763,EGY,2003,0.21913300134923014
764,EGY,2004,0.2186210514027714
765,EGY,2005,0.17119719929015156
766,EGY,2006,0.16075983644952846
767,EGY,2007,0.15244730971285197
768,EGY,2008,0.15221626877738215
769,EGY,2009,0.14526975024004807
770,EGY,2010,0.1475188776996625
771,EGY,2011,0.16012310200960606
772,EGY,2012,0.17519540784407733
773,EGY,2013,0.17706505786189694
774,EGY,2014,0.18117564883587067
775,EGY,2015,0.1988775581084669
776,EGY,2016,0.2011279991334799
777,ESP,1996,0.850414623911682
778,ESP,1997,0.82467471702556
779,ESP,1998,0.8897860693911684
780,ESP,1999,0.8565677810917303
781,ESP,2000,0.8976021515896149
782,ESP,2001,0.7912479039806173
783,ESP,2002,0.8294090043475398
784,ESP,2003,0.8461069479045371
785,ESP,2004,0.782608923313855
786,ESP,2005,0.7633336295669347
787,ESP,2006,0.6555733618365184
788,ESP,2007,0.6766223438384815
789,ESP,2008,0.6897979118578442
790,ESP,2009,0.6768305832846234
791,ESP,2010,0.6632091165015485
792,ESP,2011,0.6817128196772168
793,ESP,2012,0.6971541470462244
794,ESP,2013,0.6649014402031935
795,ESP,2014,0.6673757435958032
796,ESP,2015,0.6316898211839688
797,ESP,2016,0.603929293616447
798,EST,1996,0.5519373388898399
799,EST,1997,0.5813657094341145
800,EST,1998,0.5399190264207041
801,EST,1999,0.679658946555286
802,EST,2000,0.6667660831485573
803,EST,2001,0.5687517847412797
804,EST,2002,0.5169679396254816
805,EST,2003,0.5167161127660991
806,EST,2004,0.5352392939984792
807,EST,2005,0.5385972212182155
808,EST,2006,0.6238704036019657
809,EST,2007,0.5488720034199945
810,EST,2008,0.5734319271972665
811,EST,2009,0.5757294239521921
812,EST,2010,0.5800548885851687
813,EST,2011,0.6032504037171679
814,EST,2012,0.5613311920952284
815,EST,2013,0.5361013023089336
816,EST,2014,0.6081999200728899
817,EST,2015,0.6310782420308187
818,EST,2016,0.6280381946364958
819,ETH,1996,0.17579973530569737
820,ETH,1997,0.1685867554301967
821,ETH,1998,0.22206348564932535
822,ETH,1999,0.1898820670740152
823,ETH,2000,0.20522951958758356
824,ETH,2001,0.16543955753035058
825,ETH,2002,0.13699403237238778
826,ETH,2003,0.10225182559426654
827,ETH,2004,0.10348609339443605
828,ETH,2005,0.10574268781259014
829,ETH,2006,0.14467132278504874
830,ETH,2007,0.20140743741552386
831,ETH,2008,0.16012784336543792
832,ETH,2009,0.12639294360647335
833,ETH,2010,0.12620286553866766
834,ETH,2011,0.10759945451042102
835,ETH,2012,0.11446337798951675
836,ETH,2013,0.1187938022514273
837,ETH,2014,0.12123368598029784
838,ETH,2015,0.1426120607859763
839,ETH,2016,0.15199111482020572
840,FIN,1996,0.8375497163648021
841,FIN,1997,0.8467309156354462
842,FIN,1998,0.7342073417393032
843,FIN,1999,0.7731808925167702
844,FIN,2000,0.7505550157882197
845,FIN,2001,0.7674383252250264
846,FIN,2002,0.7737858422991185
847,FIN,2003,0.7930442573445978
848,FIN,2004,0.797493549833019
849,FIN,2005,0.7978552056250124
850,FIN,2006,0.7911703169615186
851,FIN,2007,0.7941804161114754
852,FIN,2008,0.8054585523400701
853,FIN,2009,0.7845418679311036
854,FIN,2010,0.792049079484793
855,FIN,2011,0.8083955728385191
856,FIN,2012,0.8098413170432953
857,FIN,2013,0.821648961046934
858,FIN,2014,0.7937708180403071
859,FIN,2015,0.8084700368031911
860,FIN,2016,0.8151025705057718
861,FRA,1996,0.8593735032348973
862,FRA,1997,0.8998057108598176
863,FRA,1998,0.7959563462717941
864,FRA,1999,0.8160794575208203
865,FRA,2000,0.8159363174444607
866,FRA,2001,0.8904748753093109
867,FRA,2002,0.863418342447613
868,FRA,2003,0.8939816444717583
869,FRA,2004,0.9198330371817669
870,FRA,2005,0.8873454466462014
871,FRA,2006,0.92284767240354
872,FRA,2007,0.8717219506297458
873,FRA,2008,0.8979153292142112
874,FRA,2009,0.8629514993012823
875,FRA,2010,0.8551408359382693
876,FRA,2011,0.7860804071340193
877,FRA,2012,0.8032295305179596
878,FRA,2013,0.836176783552978
879,FRA,2014,0.8313036333349041
880,FRA,2015,0.8618351969794542
881,FRA,2016,0.8716343512381023
882,GAB,1996,0.09252763003803875
883,GAB,1997,0.11404001916934728
884,GAB,1998,0.1499046269556528
885,GAB,1999,0.13304726775753287
886,GAB,2000,0.17794203865771532
887,GAB,2001,0.1426966148042525
888,GAB,2002,0.14744395353075782
889,GAB,2003,0.14731251153935623
890,GAB,2004,0.19165956550425645
891,GAB,2005,0.17513163461771347
892,GAB,2006,0.1961040102608931
893,GAB,2007,0.2182863689540977
894,GAB,2008,0.2112542804818809
895,GAB,2009,0.19265409874255562
896,GAB,2010,0.19609494212896128
897,GAB,2011,0.2129738790286603
898,GAB,2012,0.18734922148136635
899,GAB,2013,0.200283773966334
900,GAB,2014,0.1930354035643532
901,GAB,2015,0.19466452041568413
902,GAB,2016,0.18352474661696883
903,GBR,1996,0.8400010274341259
904,GBR,1997,0.8260777651245363
905,GBR,1998,0.7948812490716204
906,GBR,1999,0.7783865124465451
907,GBR,2000,0.7710725393605091
908,GBR,2001,0.7495737925863188
909,GBR,2002,0.7550662124962858
910,GBR,2003,0.7901427759865933
911,GBR,2004,0.7970166241805419
912,GBR,2005,0.8110143532101284
913,GBR,2006,0.8106896956971198
914,GBR,2007,0.8069431983053476
915,GBR,2008,0.833211121967763
916,GBR,2009,0.8252794253773427
917,GBR,2010,0.8257339114420899
918,GBR,2011,0.8268392707863841
919,GBR,2012,0.831571552286303
920,GBR,2013,0.8294399917971174
921,GBR,2014,0.825686075090426
922,GBR,2015,0.815720681349108
923,GBR,2016,0.8234911013928938
924,GHA,1996,0.13367154412862395
925,GHA,1997,0.18077809214833915
926,GHA,1998,0.12608452281289742
927,GHA,1999,0.12448622305236463
928,GHA,2000,0.15851064863477032
929,GHA,2001,0.16197493848472003
930,GHA,2002,0.18220483002320817
931,GHA,2003,0.15777324787771885
932,GHA,2004,0.16495300245453468
933,GHA,2005,0.16909028502523404
934,GHA,2006,0.18993901258651102
935,GHA,2007,0.18863110077703138
936,GHA,2008,0.1571131960004571
937,GHA,2009,0.17248112488625789
938,GHA,2010,0.146828291623159
939,GHA,2011,0.16552890268690681
940,GHA,2012,0.15722620585669156
941,GHA,2013,0.14164741759032787
942,GHA,2014,0.0921423768814425
943,GHA,2015,0.10269638719641815
944,GHA,2016,0.10089272479307702
945,GIN,1996,0.2434092836909349
946,GIN,1997,0.2290559745557494
947,GIN,1998,0.223139275817176
948,GIN,1999,0.2117409979654953
949,GIN,2000,0.17852509362493335
950,GIN,2001,0.2038427344135511
951,GIN,2002,0.1945853815563041
952,GIN,2003,0.18083253556244208
953,GIN,2004,0.20067799803222966
954,GIN,2005,0.19966075087026372
955,GIN,2006,0.16571149103903077
956,GIN,2007,0.11744700514594299
957,GIN,2008,0.1156384840976303
958,GIN,2009,0.11741254418974004
959,GIN,2010,0.1555684050800597
960,GIN,2011,0.13896070917828882
961,GIN,2012,0.16132314775283468
962,GIN,2013,0.16672772170599648
963,GIN,2014,0.17937876362132835
964,GIN,2015,0.20029425781759944
965,GIN,2016,0.218290993512442
966,GMB,1996,0.21761627024715094
967,GMB,1997,0.17474932599233325
968,GMB,1998,0.1786288231625667
969,GMB,1999,0.15548314775813743
970,GMB,2000,0.15724237937915808
971,GMB,2001,0.15675835902541282
972,GMB,2002,0.28519421922547444
973,GMB,2003,0.22786867379925632
974,GMB,2004,0.24006271773540505
975,GMB,2005,0.19877910393774348
976,GMB,2006,0.17488889321949022
977,GMB,2007,0.17055818292246033
978,GMB,2008,0.18174831786070875
979,GMB,2009,0.17807760530350855
980,GMB,2010,0.18062613157174076
981,GMB,2011,0.1611379859046468
982,GMB,2012,0.15272111010517572
983,GMB,2013,0.17498309033550646
984,GMB,2014,0.17889109941393772
985,GMB,2015,0.17701123665328763
986,GMB,2016,0.16809888615843385
987,GNB,1996,0.14365895070105655
988,GNB,1997,0.18942975726046815
989,GNB,1998,0.2052489795410046
990,GNB,1999,0.24244900365228614
991,GNB,2000,0.18483100941960298
992,GNB,2001,0.17981637818494645
993,GNB,2002,0.1472235139975007
994,GNB,2003,0.1481450532039098
995,GNB,2004,0.14522544203620125
996,GNB,2005,0.15515180492709715
997,GNB,2006,0.18280342667420638
998,GNB,2007,0.20085134312107564
999,GNB,2008,0.18579960729888367
1000,GNB,2009,0.21273747978576288
1001,GNB,2010,0.1866570806962411
1002,GNB,2011,0.16627462733144152
1003,GNB,2012,0.12031105448919684
1004,GNB,2013,0.11112507640975303
1005,GNB,2014,0.11357368908653724
1006,GNB,2015,0.11810034210462388
1007,GNB,2016,0.1261457114939091
1008,GRC,1996,0.735229289323921
1009,GRC,1997,0.827691169986173
1010,GRC,1998,0.7944642032433944
1011,GRC,1999,0.765292023492191
1012,GRC,2000,0.7352626483954118
1013,GRC,2001,0.6641130252359948
1014,GRC,2002,0.6166315530303366
1015,GRC,2003,0.6021907791508404
1016,GRC,2004,0.5875514235009535
1017,GRC,2005,0.5649447021587845
1018,GRC,2006,0.5887353285303677
1019,GRC,2007,0.5268238134121108
1020,GRC,2008,0.46224821006246397
1021,GRC,2009,0.3999910244312597
1022,GRC,2010,0.36887080455470667
1023,GRC,2011,0.31073826211982103
1024,GRC,2012,0.19672854597964923
1025,GRC,2013,0.21384370472509098
1026,GRC,2014,0.1732381308427406
1027,GRC,2015,0.17916285303291654
1028,GRC,2016,0.11735731759375369
1029,GTM,1996,0.23663631053545786
1030,GTM,1997,0.27908590869651373
1031,GTM,1998,0.27615405508245466
1032,GTM,1999,0.27520916451736444
1033,GTM,2000,0.273104434221153
1034,GTM,2001,0.32204629591434347
1035,GTM,2002,0.19599275636962749
1036,GTM,2003,0.18349527237967328
1037,GTM,2004,0.20039316176306396
1038,GTM,2005,0.18024187691444957
1039,GTM,2006,0.17239672425148347
1040,GTM,2007,0.1962566192931199
1041,GTM,2008,0.22043663263525332
1042,GTM,2009,0.19525520383235462
1043,GTM,2010,0.18989188379216287
1044,GTM,2011,0.18729303996896052
1045,GTM,2012,0.18471799509039258
1046,GTM,2013,0.17528205704505473
1047,GTM,2014,0.1738153399799737
1048,GTM,2015,0.16967735147106275
1049,GTM,2016,0.18692738417336907
1050,GUY,1996,0.2690823927439172
1051,GUY,1997,0.34326515955314824
1052,GUY,1998,0.2110235375483886
1053,GUY,1999,0.03441304637168214
1054,GUY,2000,0.05290414083130882
1055,GUY,2001,0.0516516047465614
1056,GUY,2002,0.070093659521299
1057,GUY,2003,0.1009918528286002
1058,GUY,2004,0.1613483564887717
1059,GUY,2005,0.15037399194077639
1060,GUY,2006,0.13066252336682124
1061,GUY,2007,0.1563077790487945
1062,GUY,2008,0.10767198983012594
1063,GUY,2009,0.11001910024336499
1064,GUY,2010,0.11589319290444199
1065,GUY,2011,0.1208047558497016
1066,GUY,2012,0.0955064154652036
1067,GUY,2013,0.0899481347932411
1068,GUY,2014,0.07840089537658505
1069,GUY,2015,0.08248284162426442
1070,GUY,2016,0.11120343408903072
1071,HKG,1996,0.6761359573887463
1072,HKG,1997,0.561222982984368
1073,HKG,1998,0.4153209068142006
1074,HKG,1999,0.35811833227023016
1075,HKG,2000,0.298364066135637
1076,HKG,2001,0.5942696583458603
1077,HKG,2002,0.5854691409056487
1078,HKG,2003,0.7649510275418118
1079,HKG,2004,0.8311227798325499
1080,HKG,2005,0.7643170114026849
1081,HKG,2006,0.8224008013457336
1082,HKG,2007,0.7938548562987229
1083,HKG,2008,0.7598214346669251
1084,HKG,2009,0.775217512959733
1085,HKG,2010,0.7683841872718138
1086,HKG,2011,0.7720211423802315
1087,HKG,2012,0.813239145862256
1088,HKG,2013,0.7812642068838489
1089,HKG,2014,0.8116500242856783
1090,HKG,2015,0.8269727874272673
1091,HKG,2016,0.889166704898993
1092,HND,1996,0.20757198279452438
1093,HND,1997,0.2927431816737604
1094,HND,1998,0.16984937293883542
1095,HND,1999,0.20818824380255044
1096,HND,2000,0.16069878749516783
1097,HND,2001,0.23549318083927126
1098,HND,2002,0.1982752373301561
1099,HND,2003,0.17805225998686283
1100,HND,2004,0.15263974212642517
1101,HND,2005,0.14223153576523287
1102,HND,2006,0.17019009938497506
1103,HND,2007,0.16289247503709883
1104,HND,2008,0.14921721273898145
1105,HND,2009,0.1395123127376198
1106,HND,2010,0.15577548096107877
1107,HND,2011,0.17274787500850708
1108,HND,2012,0.19064610655145384
1109,HND,2013,0.1759177765400239
1110,HND,2014,0.16171144704505377
1111,HND,2015,0.16786900979453595
1112,HND,2016,0.1667346586239656
1113,HRV,1996,0.31550591581988474
1114,HRV,1997,0.3297889904834963
1115,HRV,1998,0.30737171679187
1116,HRV,1999,0.16020744593329309
1117,HRV,2000,0.3353538927550756
1118,HRV,2001,0.37356910491465095
1119,HRV,2002,0.3673455165885926
1120,HRV,2003,0.3116088302420858
1121,HRV,2004,0.3804079441675948
1122,HRV,2005,0.4003275382578442
1123,HRV,2006,0.43025559422352394
1124,HRV,2007,0.4693211902781055
1125,HRV,2008,0.41989249292192204
1126,HRV,2009,0.4362425857649515
1127,HRV,2010,0.5004342642308446
1128,HRV,2011,0.41290730131280684
1129,HRV,2012,0.41166116232628674
1130,HRV,2013,0.340640844475618
1131,HRV,2014,0.3365295555163903
1132,HRV,2015,0.2789110939252564
1133,HRV,2016,0.34668448069882
1134,HTI,1996,0.15302573107131906
1135,HTI,1997,0.13572151936450264
1136,HTI,1998,0.16224167240891388
1137,HTI,1999,0.13691160612083203
1138,HTI,2000,0.1873769446911768
1139,HTI,2001,0.13159001225409014
1140,HTI,2002,0.11104762030387107
1141,HTI,2003,0.11463297743644009
1142,HTI,2004,0.12480176949458148
1143,HTI,2005,0.14339422631385126
1144,HTI,2006,0.1846898701633078
1145,HTI,2007,0.19647058851493063
1146,HTI,2008,0.17154102072935365
1147,HTI,2009,0.17908909686695623
1148,HTI,2010,0.16179153303311772
1149,HTI,2011,0.15143830696422697
1150,HTI,2012,0.14024404222103395
1151,HTI,2013,0.14801716021850175
1152,HTI,2014,0.09365899235279508
1153,HTI,2015,0.1206041049536176
1154,HTI,2016,0.09237933567342875
1155,HUN,1996,0.8075001436090549
1156,HUN,1997,0.8702749709801076
1157,HUN,1998,0.8674412139357285
1158,HUN,1999,0.783532993996499
1159,HUN,2000,0.770501010994215
1160,HUN,2001,0.7113120971992919
1161,HUN,2002,0.7556648495589241
1162,HUN,2003,0.8029270020145954
1163,HUN,2004,0.7491102105460695
1164,HUN,2005,0.6668568650549088
1165,HUN,2006,0.711129757213517
1166,HUN,2007,0.6080750446512081
1167,HUN,2008,0.5275208120863656
1168,HUN,2009,0.46918979752600737
1169,HUN,2010,0.571410897315814
1170,HUN,2011,0.607940678762761
1171,HUN,2012,0.4968766465808419
1172,HUN,2013,0.5331790681936169
1173,HUN,2014,0.5106222447977109
1174,HUN,2015,0.475167510364415
1175,HUN,2016,0.4314279255606861
1176,IDN,1996,0.10986262575387874
1177,IDN,1997,0.17157307008756142
1178,IDN,1998,0.18247407359443163
1179,IDN,1999,0.11246001922640667
1180,IDN,2000,0.11932760922774262
1181,IDN,2001,0.11015315790617362
1182,IDN,2002,0.101060376255645
1183,IDN,2003,0.09150999198911519
1184,IDN,2004,0.10191653055691038
1185,IDN,2005,0.13756432167941451
1186,IDN,2006,0.19640625111641383
1187,IDN,2007,0.22911734617343732
1188,IDN,2008,0.2079655111525695
1189,IDN,2009,0.26436832027580864
1190,IDN,2010,0.2381851492656553
1191,IDN,2011,0.24704500998121992
1192,IDN,2012,0.2278080097850811
1193,IDN,2013,0.23009343866515247
1194,IDN,2014,0.25131951808292174
1195,IDN,2015,0.24447278268436334
1196,IDN,2016,0.2595984532839719
1197,IND,1996,0.45093787379977046
1198,IND,1997,0.48733132765925774
1199,IND,1998,0.3995433128618843
1200,IND,1999,0.36313031035008125
1201,IND,2000,0.36207587744748826
1202,IND,2001,0.2065675986334379
1203,IND,2002,0.20502612222367012
1204,IND,2003,0.23136302829564814
1205,IND,2004,0.19981156762058755
1206,IND,2005,0.2115019363971077
1207,IND,2006,0.23003162945538527
1208,IND,2007,0.233814648335217
1209,IND,2008,0.19666596740443174
1210,IND,2009,0.22006501208858148
1211,IND,2010,0.2103310723697632
1212,IND,2011,0.16858200765996548
1213,IND,2012,0.14150966121045458
1214,IND,2013,0.1339883786501185
1215,IND,2014,0.16145877089425348
1216,IND,2015,0.19270271801726033
1217,IND,2016,0.22665539857503558
1218,IRL,1996,0.7854052469282379
1219,IRL,1997,0.7841412809744457
1220,IRL,1998,0.7651540345181946
1221,IRL,1999,0.7673324669245748
1222,IRL,2000,0.7314405592985788
1223,IRL,2001,0.7222706776508936
1224,IRL,2002,0.7102643204945148
1225,IRL,2003,0.7105319644267197
1226,IRL,2004,0.7567461753144034
1227,IRL,2005,0.7679964846251361
1228,IRL,2006,0.761083862017352
1229,IRL,2007,0.7608751057502887
1230,IRL,2008,0.783579754099688
1231,IRL,2009,0.8139667009669191
1232,IRL,2010,0.8171669079558116
1233,IRL,2011,0.8421315832087315
1234,IRL,2012,0.8397557783587
1235,IRL,2013,0.8296181092443128
1236,IRL,2014,0.8472062998848853
1237,IRL,2015,0.8229074582691398
1238,IRL,2016,0.8026441492547229
1239,IRN,1996,0.8143638244529392
1240,IRN,1997,0.6171926652928991
1241,IRN,1998,0.2425849303762576
1242,IRN,1999,0.1901882927499798
1243,IRN,2000,0.18402723461549436
1244,IRN,2001,0.17370241017785307
1245,IRN,2002,0.17766401380093055
1246,IRN,2003,0.17720874659624503
1247,IRN,2004,0.21864888843790853
1248,IRN,2005,0.2276716308490535
1249,IRN,2006,0.20093829025781587
1250,IRN,2007,0.18590017040962076
1251,IRN,2008,0.1666110699341017
1252,IRN,2009,0.12536536722939443
1253,IRN,2010,0.1295503680766825
1254,IRN,2011,0.1435034944374818
1255,IRN,2012,0.16491636560773568
1256,IRN,2013,0.17313121691329636
1257,IRN,2014,0.17318295995543814
1258,IRN,2015,0.16591274773405354
1259,IRN,2016,0.17498893662244083
1260,IRQ,1996,0.16877168084392222
1261,IRQ,1997,0.2078045651234253
1262,IRQ,1998,0.2404127122822091
1263,IRQ,1999,0.17551367532942153
1264,IRQ,2000,0.23191456404686467
1265,IRQ,2001,0.18483437835209318
1266,IRQ,2002,0.19004490026575105
1267,IRQ,2003,0.23340694929236885
1268,IRQ,2004,0.1577143204994212
1269,IRQ,2005,0.20110130553746924
1270,IRQ,2006,0.2176715133025505
1271,IRQ,2007,0.2273701487388883
1272,IRQ,2008,0.14516864831124035
1273,IRQ,2009,0.10181326455603222
1274,IRQ,2010,0.0972246680956557
1275,IRQ,2011,0.1401421034251269
1276,IRQ,2012,0.13804813400313096
1277,IRQ,2013,0.13295523077154556
1278,IRQ,2014,0.12217642099275465
1279,IRQ,2015,0.12580359699171545
1280,IRQ,2016,0.10424769672113668
1281,ISL,1996,0.809720303229229
1282,ISL,1997,0.7614871828106028
1283,ISL,1998,0.7947696167804064
1284,ISL,1999,0.7523977764794582
1285,ISL,2000,0.7407353903163552
1286,ISL,2001,0.7669716398334424
1287,ISL,2002,0.7612602613829955
1288,ISL,2003,0.7633982835106117
1289,ISL,2004,0.7736033526337822
1290,ISL,2005,0.7719197047497283
1291,ISL,2006,0.7853399100739584
1292,ISL,2007,0.7846853238712151
1293,ISL,2008,0.790983631185297
1294,ISL,2009,0.8433143646237102
1295,ISL,2010,0.8330240185764431
1296,ISL,2011,0.8385307449592108
1297,ISL,2012,0.8322277547875059
1298,ISL,2013,0.839225147979668
1299,ISL,2014,0.8309050644066801
1300,ISL,2015,0.8349015665900831
1301,ISL,2016,0.7863268730631494
1302,ISR,1996,0.8965968449042334
1303,ISR,1997,0.8203742656892566
1304,ISR,1998,0.771782390063794
1305,ISR,1999,0.7814002692353594
1306,ISR,2000,0.8487383816199411
1307,ISR,2001,0.7904003667804231
1308,ISR,2002,0.809548103352827
1309,ISR,2003,0.8266914792104015
1310,ISR,2004,0.863820717739767
1311,ISR,2005,0.8599779818383447
1312,ISR,2006,0.9204987985236879
1313,ISR,2007,0.8810137014301697
1314,ISR,2008,0.910946471566329
1315,ISR,2009,0.9131978780043126
1316,ISR,2010,0.9454497330970558
1317,ISR,2011,0.9561128667642449
1318,ISR,2012,0.9434644265192558
1319,ISR,2013,0.9457656252372082
1320,ISR,2014,0.9691597403816326
1321,ISR,2015,1.0
1322,ISR,2016,0.9580556621848066
1323,ITA,1996,0.7920599733481598
1324,ITA,1997,0.7717693537663814
1325,ITA,1998,0.7080713400724437
1326,ITA,1999,0.5387990293613876
1327,ITA,2000,0.5433337379169318
1328,ITA,2001,0.3956865745839295
1329,ITA,2002,0.38396192862672596
1330,ITA,2003,0.3633830582082815
1331,ITA,2004,0.2755871953594289
1332,ITA,2005,0.2921067667544736
1333,ITA,2006,0.2284237644443476
1334,ITA,2007,0.2064126163929392
1335,ITA,2008,0.23824881693992572
1336,ITA,2009,0.24749689765477784
1337,ITA,2010,0.262921534623374
1338,ITA,2011,0.2816600373835035
1339,ITA,2012,0.2717392442348256
1340,ITA,2013,0.29205039462205507
1341,ITA,2014,0.26486068874081353
1342,ITA,2015,0.23923978489768666
1343,ITA,2016,0.25285804122573863
1344,JAM,1996,0.416744321731641
1345,JAM,1997,0.4557780696295209
1346,JAM,1998,0.3714870371816436
1347,JAM,1999,0.16328597907052889
1348,JAM,2000,0.16640979117879506
1349,JAM,2001,0.153319475964721
1350,JAM,2002,0.08816892160523279
1351,JAM,2003,0.1298694303003306
1352,JAM,2004,0.1897648572155158
1353,JAM,2005,0.18545579239107987
1354,JAM,2006,0.2273830573605649
1355,JAM,2007,0.22998136548662435
1356,JAM,2008,0.2342512141118695
1357,JAM,2009,0.2166837541227106
1358,JAM,2010,0.21717054179376988
1359,JAM,2011,0.22058885609502168
1360,JAM,2012,0.1870068402348916
1361,JAM,2013,0.20828766795123746
1362,JAM,2014,0.21847700337123072
1363,JAM,2015,0.23029926826138322
1364,JAM,2016,0.26482661180335304
1365,JOR,1996,0.6431911323556626
1366,JOR,1997,0.4639790439927175
1367,JOR,1998,0.31358541039793114
1368,JOR,1999,0.294683731837695
1369,JOR,2000,0.32380736146464584
1370,JOR,2001,0.2715565459560756
1371,JOR,2002,0.20786660538802698
1372,JOR,2003,0.2836437367320408
1373,JOR,2004,0.28115533519441477
1374,JOR,2005,0.2840585540172493
1375,JOR,2006,0.2565305220470617
1376,JOR,2007,0.27191789095193636
1377,JOR,2008,0.218721567314134
1378,JOR,2009,0.19052339407581495
1379,JOR,2010,0.16046902546328398
1380,JOR,2011,0.1595609934852223
1381,JOR,2012,0.18068844213764543
1382,JOR,2013,0.1792279137164982
1383,JOR,2014,0.2188572674807461
1384,JOR,2015,0.2543183419275144
1385,JOR,2016,0.240413563482927
1386,JPN,1996,0.79270821896652
1387,JPN,1997,0.8082733681221318
1388,JPN,1998,0.7572167513956188
1389,JPN,1999,0.7912322030533893
1390,JPN,2000,0.7806457651948332
1391,JPN,2001,0.7785545956272724
1392,JPN,2002,0.7816814288466365
1393,JPN,2003,0.8002604421943197
1394,JPN,2004,0.7920175297648901
1395,JPN,2005,0.7585409911663865
1396,JPN,2006,0.7693114443945938
1397,JPN,2007,0.7879254419366856
1398,JPN,2008,0.8094568210225436
1399,JPN,2009,0.8074164217683776
1400,JPN,2010,0.8108595664617432
1401,JPN,2011,0.8074874813162127
1402,JPN,2012,0.7982081545612977
1403,JPN,2013,0.8036966761936362
1404,JPN,2014,0.829326163088812
1405,JPN,2015,0.8247049260589776
1406,JPN,2016,0.8276266940404562
1407,KAZ,1996,0.24257911376742333
1408,KAZ,1997,0.16998602521493558
1409,KAZ,1998,0.15930579883226656
1410,KAZ,1999,0.17606607201330265
1411,KAZ,2000,0.15552973731580652
1412,KAZ,2001,0.13798272229858174
1413,KAZ,2002,0.15684558713683813
1414,KAZ,2003,0.14256688047860475
1415,KAZ,2004,0.16773210403185712
1416,KAZ,2005,0.13854251424038366
1417,KAZ,2006,0.08987816318037688
1418,KAZ,2007,0.11427091065299957
1419,KAZ,2008,0.10720754868489711
1420,KAZ,2009,0.12388396118996882
1421,KAZ,2010,0.1501528007465898
1422,KAZ,2011,0.14067299910249956
1423,KAZ,2012,0.13329263697926594
1424,KAZ,2013,0.13659416427262322
1425,KAZ,2014,0.10804668188936876
1426,KAZ,2015,0.12283380262457005
1427,KAZ,2016,0.12690197285707655
1428,KEN,1996,0.24092983090930106
1429,KEN,1997,0.13616955500539812
1430,KEN,1998,0.14884562735163248
1431,KEN,1999,0.12179722318800719
1432,KEN,2000,0.09805288603361233
1433,KEN,2001,0.13177877474470995
1434,KEN,2002,0.11094590889421148
1435,KEN,2003,0.13435810881779922
1436,KEN,2004,0.1010638110066287
1437,KEN,2005,0.06935363390171533
1438,KEN,2006,0.11924113972606912
1439,KEN,2007,0.12508848874001371
1440,KEN,2008,0.1225188789137545
1441,KEN,2009,0.08549366552863988
1442,KEN,2010,0.10495999734456896
1443,KEN,2011,0.14379837557061298
1444,KEN,2012,0.14955566234644285
1445,KEN,2013,0.12619099475435516
1446,KEN,2014,0.1356161287168219
1447,KEN,2015,0.1406184245199101
1448,KEN,2016,0.1459924143303582
1449,KOR,1996,0.7276152316838358
1450,KOR,1997,0.7174427860959467
1451,KOR,1998,0.6228659653064618
1452,KOR,1999,0.6585769928190627
1453,KOR,2000,0.6393080536598058
1454,KOR,2001,0.5937432611208382
1455,KOR,2002,0.5834430679989467
1456,KOR,2003,0.5403128776199333
1457,KOR,2004,0.5787563253814558
1458,KOR,2005,0.6551137620483805
1459,KOR,2006,0.6421601258852944
1460,KOR,2007,0.7192476557914316
1461,KOR,2008,0.5807465515672449
1462,KOR,2009,0.6242440966552661
1463,KOR,2010,0.6707858682826751
1464,KOR,2011,0.7219168058850854
1465,KOR,2012,0.6748485528049178
1466,KOR,2013,0.5955341551663281
1467,KOR,2014,0.5917236858257788
1468,KOR,2015,0.579782132008627
1469,KOR,2016,0.6305410237745801
1470,KWT,1996,0.2966286949730424
1471,KWT,1997,0.29471578553009675
1472,KWT,1998,0.26624093768168955
1473,KWT,1999,0.2863370277069022
1474,KWT,2000,0.2691431475204752
1475,KWT,2001,0.1671715128191598
1476,KWT,2002,0.11565579748412429
1477,KWT,2003,0.08825763286659229
1478,KWT,2004,0.13020740381837703
1479,KWT,2005,0.09918205954688866
1480,KWT,2006,0.09001558550362317
1481,KWT,2007,0.08663902705905635
1482,KWT,2008,0.11799942848519099
1483,KWT,2009,0.1903561268641604
1484,KWT,2010,0.23380651857925028
1485,KWT,2011,0.25915443688563006
1486,KWT,2012,0.22416855242157277
1487,KWT,2013,0.19545264185542868
1488,KWT,2014,0.10226259823567531
1489,KWT,2015,0.09367211145219498
1490,KWT,2016,0.1377252931663711
1491,LBN,1996,0.02704127405435377
1492,LBN,1997,0.11018691052764973
1493,LBN,1998,0.16971599910131685
1494,LBN,1999,0.23574671882159826
1495,LBN,2000,0.24131609742760093
1496,LBN,2001,0.18481485050089824
1497,LBN,2002,0.22233341310740196
1498,LBN,2003,0.18598255884831644
1499,LBN,2004,0.2016848275432019
1500,LBN,2005,0.18248439616226475
1501,LBN,2006,0.1310915649766843
1502,LBN,2007,0.11715416427839748
1503,LBN,2008,0.1531056876484038
1504,LBN,2009,0.15971520701855968
1505,LBN,2010,0.15417047058246686
1506,LBN,2011,0.15928221680591909
1507,LBN,2012,0.13648800133058805
1508,LBN,2013,0.1821164637792941
1509,LBN,2014,0.21306671196487117
1510,LBN,2015,0.21812168423161934
1511,LBN,2016,0.2095164432668868
1512,LBR,1996,0.16889054678056428
1513,LBR,1997,0.07710453043728244
1514,LBR,1998,0.12495939150175112
1515,LBR,1999,0.17293827676691217
1516,LBR,2000,0.07464300049672741
1517,LBR,2001,0.059114283580213305
1518,LBR,2002,0.08425460605553917
1519,LBR,2003,0.15064732342925735
1520,LBR,2004,0.20214888204802725
1521,LBR,2005,0.15363175628874734
1522,LBR,2006,0.24719089697360463
1523,LBR,2007,0.2565685189606009
1524,LBR,2008,0.26159381356793
1525,LBR,2009,0.29875219421467103
1526,LBR,2010,0.41858615632991986
1527,LBR,2011,0.3593563947102444
1528,LBR,2012,0.26784858095895303
1529,LBR,2013,0.2194061844767844
1530,LBR,2014,0.2640861852659064
1531,LBR,2015,0.24741729529387999
1532,LBR,2016,0.3093095635079032
1533,LBY,1996,0.20927162067036728
1534,LBY,1997,0.2112791695479862
1535,LBY,1998,0.3111030427246466
1536,LBY,1999,0.4076114782522339
1537,LBY,2000,0.35168154573696636
1538,LBY,2001,0.2228784603326223
1539,LBY,2002,0.20523465107153177
1540,LBY,2003,0.20003411712920058
1541,LBY,2004,0.17124659787003582
1542,LBY,2005,0.18636878197753054
1543,LBY,2006,0.18872670882659112
1544,LBY,2007,0.20090164028814578
1545,LBY,2008,0.1934774329074724
1546,LBY,2009,0.18153885461105004
1547,LBY,2010,0.20510699107400068
1548,LBY,2011,0.1826025449257294
1549,LBY,2012,0.15892951875038006
1550,LBY,2013,0.13542090622799888
1551,LBY,2014,0.12129849673719276
1552,LBY,2015,0.12176779515147958
1553,LBY,2016,0.12169918189374737
1554,LKA,1996,0.46067628304018077
1555,LKA,1997,0.5762134007805141
1556,LKA,1998,0.6214880423819903
1557,LKA,1999,0.8006976754135805
1558,LKA,2000,0.8758884436606907
1559,LKA,2001,0.6389985421342298
1560,LKA,2002,0.2891704707022987
1561,LKA,2003,0.2685598147703203
1562,LKA,2004,0.2446626274728825
1563,LKA,2005,0.23482537654206745
1564,LKA,2006,0.19444402647137662
1565,LKA,2007,0.19237834864820708
1566,LKA,2008,0.17016850423788726
1567,LKA,2009,0.16687358170186878
1568,LKA,2010,0.21299225773840777
1569,LKA,2011,0.19310498364815784
1570,LKA,2012,0.17650402020263084
1571,LKA,2013,0.15999044863257383
1572,LKA,2014,0.17509168773911313
1573,LKA,2015,0.2402948149007747
1574,LKA,2016,0.2401645051161198
1575,LTU,1996,0.3126709600541216
1576,LTU,1997,0.30644799596625655
1577,LTU,1998,0.3012745418626654
1578,LTU,1999,0.3997532052537573
1579,LTU,2000,0.3016685253946094
1580,LTU,2001,0.36426215850461807
1581,LTU,2002,0.3859403468406001
1582,LTU,2003,0.5084538607990076
1583,LTU,2004,0.4126540918974652
1584,LTU,2005,0.45263532794329064
1585,LTU,2006,0.4445933563828677
1586,LTU,2007,0.43741613366463233
1587,LTU,2008,0.39970146327583517
1588,LTU,2009,0.4780595545933585
1589,LTU,2010,0.4750866873292212
1590,LTU,2011,0.41548490587347686
1591,LTU,2012,0.48467099051686363
1592,LTU,2013,0.5514790368860962
1593,LTU,2014,0.5581750095018055
1594,LTU,2015,0.6309306205644015
1595,LTU,2016,0.6390371427965033
1596,LUX,1996,0.7954261374611258
1597,LUX,1997,0.7586793108710991
1598,LUX,1998,0.7564733520804587
1599,LUX,1999,0.7769164753968939
1600,LUX,2000,0.7766145111202482
1601,LUX,2001,0.7537786994055627
1602,LUX,2002,0.7514904046141371
1603,LUX,2003,0.747870961130077
1604,LUX,2004,0.7775628444991622
1605,LUX,2005,0.7848883389020087
1606,LUX,2006,0.7997999542647324
1607,LUX,2007,0.7946724884747228
1608,LUX,2008,0.7912476250595168
1609,LUX,2009,0.7823346134852271
1610,LUX,2010,0.7763655604089457
1611,LUX,2011,0.7776123533554834
1612,LUX,2012,0.7957160356008435
1613,LUX,2013,0.8040844368643876
1614,LUX,2014,0.7970576624173191
1615,LUX,2015,0.8107866235088304
1616,LUX,2016,0.8201091731229698
1617,LVA,1996,0.32235986840040265
1618,LVA,1997,0.3362221934897661
1619,LVA,1998,0.27491382170563994
1620,LVA,1999,0.3528194355992055
1621,LVA,2000,0.284892355741254
1622,LVA,2001,0.36490848925987907
1623,LVA,2002,0.4061167415660241
1624,LVA,2003,0.5241217215197488
1625,LVA,2004,0.3759328948832837
1626,LVA,2005,0.48323267617605564
1627,LVA,2006,0.43121887585648533
1628,LVA,2007,0.37644676844841357
1629,LVA,2008,0.3750827185457275
1630,LVA,2009,0.39342240606667006
1631,LVA,2010,0.40025613333628074
1632,LVA,2011,0.39279058501870934
1633,LVA,2012,0.42739712281908515
1634,LVA,2013,0.45845833132776026
1635,LVA,2014,0.48675615518925214
1636,LVA,2015,0.49189745279104535
1637,LVA,2016,0.5142330972176404
1638,MAR,1996,0.27281780269602873
1639,MAR,1997,0.2181396283674496
1640,MAR,1998,0.19239694387225187
1641,MAR,1999,0.1521902536707688
1642,MAR,2000,0.15742031715406146
1643,MAR,2001,0.14631338980996475
1644,MAR,2002,0.15866037095879904
1645,MAR,2003,0.19318477568764686
1646,MAR,2004,0.2126880915992572
1647,MAR,2005,0.20225004974292474
1648,MAR,2006,0.18360023129277767
1649,MAR,2007,0.18333981835179136
1650,MAR,2008,0.11529601416290784
1651,MAR,2009,0.1124958607915655
1652,MAR,2010,0.12025533864950835
1653,MAR,2011,0.12356414002237465
1654,MAR,2012,0.13746489479694224
1655,MAR,2013,0.15488163104557767
1656,MAR,2014,0.176208175249435
1657,MAR,2015,0.1685044670736696
1658,MAR,2016,0.1496559065871726
1659,MDA,1996,0.2530343105345177
1660,MDA,1997,0.23335824513049866
1661,MDA,1998,0.26630860304330484
1662,MDA,1999,0.21357835681470091
1663,MDA,2000,0.15480172301768524
1664,MDA,2001,0.17401738740302825
1665,MDA,2002,0.21556187051217926
1666,MDA,2003,0.21108735453147665
1667,MDA,2004,0.22895063102737914
1668,MDA,2005,0.18723623567075234
1669,MDA,2006,0.1626398781675974
1670,MDA,2007,0.18180749849880212
1671,MDA,2008,0.15452963451734608
1672,MDA,2009,0.14228396106162342
1673,MDA,2010,0.14952600334446559
1674,MDA,2011,0.17751962278168543
1675,MDA,2012,0.19578725115276077
1676,MDA,2013,0.20733790331686902
1677,MDA,2014,0.1699198927705128
1678,MDA,2015,0.15711680524598964
1679,MDA,2016,0.17697038011980984
1680,MDG,1996,0.2079110856796698
1681,MDG,1997,0.25756103770944977
1682,MDG,1998,0.43441966368303003
1683,MDG,1999,0.5000815278398791
1684,MDG,2000,0.500869776791776
1685,MDG,2001,0.334055500051143
1686,MDG,2002,0.5805707199392328
1687,MDG,2003,0.7561347016735956
1688,MDG,2004,0.4399169186831465
1689,MDG,2005,0.27744706056074747
1690,MDG,2006,0.306404507844367
1691,MDG,2007,0.31621982705524126
1692,MDG,2008,0.24450452989330343
1693,MDG,2009,0.16106939319945887
1694,MDG,2010,0.12134568975560327
1695,MDG,2011,0.15009442172682672
1696,MDG,2012,0.16380367317442346
1697,MDG,2013,0.1079587889016104
1698,MDG,2014,0.1310076993795494
1699,MDG,2015,0.12584164276322357
1700,MDG,2016,0.1660917021429276
1701,MEX,1996,0.30236084961159765
1702,MEX,1997,0.16461923907734785
1703,MEX,1998,0.1571413950252581
1704,MEX,1999,0.15616843041915499
1705,MEX,2000,0.1661366439020329
1706,MEX,2001,0.11060564018622286
1707,MEX,2002,0.07877855875137316
1708,MEX,2003,0.07208136754452135
1709,MEX,2004,0.14671551823803824
1710,MEX,2005,0.17149479790129957
1711,MEX,2006,0.18384016979651524
1712,MEX,2007,0.16670171147257737
1713,MEX,2008,0.09928773119689607
1714,MEX,2009,0.07571495061952488
1715,MEX,2010,0.09605434081761006
1716,MEX,2011,0.10439447120389518
1717,MEX,2012,0.12134511618762134
1718,MEX,2013,0.11572324446520259
1719,MEX,2014,0.08536218149407046
1720,MEX,2015,0.11353004290812815
1721,MEX,2016,0.07884709426204235
1722,MLI,1996,0.11918429474372826
1723,MLI,1997,0.2086499451332107
1724,MLI,1998,0.09535379028541499
1725,MLI,1999,0.16153303986282996
1726,MLI,2000,0.14396097353420034
1727,MLI,2001,0.11331350120085582
1728,MLI,2002,0.12505266312681826
1729,MLI,2003,0.09910689951997582
1730,MLI,2004,0.14013780102631218
1731,MLI,2005,0.1287353492791561
1732,MLI,2006,0.14639040076640897
1733,MLI,2007,0.19726480427767498
1734,MLI,2008,0.23052354336665326
1735,MLI,2009,0.15446544225217546
1736,MLI,2010,0.12887570738474335
1737,MLI,2011,0.1093620265655257
1738,MLI,2012,0.10713729543191812
1739,MLI,2013,0.13813627230890518
1740,MLI,2014,0.12720311120050584
1741,MLI,2015,0.12784894560602617
1742,MLI,2016,0.10043274581858876
1743,MLT,1996,0.782042274963878
1744,MLT,1997,0.8053681047306771
1745,MLT,1998,0.7348764084745353
1746,MLT,1999,0.7783294463054685
1747,MLT,2000,0.7692279857768358
1748,MLT,2001,0.7775998124697727
1749,MLT,2002,0.832582479428371
1750,MLT,2003,0.8632725297420402
1751,MLT,2004,0.7565943427937859
1752,MLT,2005,0.7365444592554382
1753,MLT,2006,0.7667295103847352
1754,MLT,2007,0.8216557456102288
1755,MLT,2008,0.822616178070264
1756,MLT,2009,0.8293640421562738
1757,MLT,2010,0.842469703505848
1758,MLT,2011,0.8073065694061682
1759,MLT,2012,0.7092453101897774
1760,MLT,2013,0.7509252256081905
1761,MLT,2014,0.7017646321857183
1762,MLT,2015,0.6291631295187654
1763,MLT,2016,0.6199158374742306
1764,MMR,1996,0.18313543873938473
1765,MMR,1997,0.13010661286294103
1766,MMR,1998,0.1644615767061643
1767,MMR,1999,0.20944419901353625
1768,MMR,2000,0.21791659399748453
1769,MMR,2001,0.1279615607193245
1770,MMR,2002,0.14938220684844739
1771,MMR,2003,0.14686578560759503
1772,MMR,2004,0.1120122794226272
1773,MMR,2005,0.11725680535036814
1774,MMR,2006,0.12342738861506479
1775,MMR,2007,0.1421467868505835
1776,MMR,2008,0.2021189897507024
1777,MMR,2009,0.19900973850913523
1778,MMR,2010,0.20234256365120154
1779,MMR,2011,0.21280753461269983
1780,MMR,2012,0.1602639220098633
1781,MMR,2013,0.193641197307272
1782,MMR,2014,0.20239589217381343
1783,MMR,2015,0.2043987743572886
1784,MMR,2016,0.16088980907635297
1785,MNG,1996,0.22352613606890828
1786,MNG,1997,0.4036853994592124
1787,MNG,1998,0.22002287614032834
1788,MNG,1999,0.4495794110152781
1789,MNG,2000,0.3082437812718872
1790,MNG,2001,0.2754849765193061
1791,MNG,2002,0.3110778150525434
1792,MNG,2003,0.2946296083513987
1793,MNG,2004,0.2366043618758544
1794,MNG,2005,0.20855765154926673
1795,MNG,2006,0.19789683871366504
1796,MNG,2007,0.2056468297867628
1797,MNG,2008,0.18855237730519842
1798,MNG,2009,0.20946606634517076
1799,MNG,2010,0.21303456591518086
1800,MNG,2011,0.20623375041020142
1801,MNG,2012,0.16931718647144559
1802,MNG,2013,0.1725039892992675
1803,MNG,2014,0.2093937803531479
1804,MNG,2015,0.19929295460386048
1805,MNG,2016,0.21808825379757124
1806,MOZ,1996,0.23910626719445988
1807,MOZ,1997,0.372076976487464
1808,MOZ,1998,0.39483754053703185
1809,MOZ,1999,0.38234146806314856
1810,MOZ,2000,0.31961511676387144
1811,MOZ,2001,0.23532325311249747
1812,MOZ,2002,0.1997036304017879
1813,MOZ,2003,0.21099543946156593
1814,MOZ,2004,0.20093027090823948
1815,MOZ,2005,0.23935101340989817
1816,MOZ,2006,0.21336703969802123
1817,MOZ,2007,0.20462642505023246
1818,MOZ,2008,0.20708236483046172
1819,MOZ,2009,0.2238114023946739
1820,MOZ,2010,0.19120369406542886
1821,MOZ,2011,0.20294101097871245
1822,MOZ,2012,0.21146504003986483
1823,MOZ,2013,0.1911387823898037
1824,MOZ,2014,0.18227720437505843
1825,MOZ,2015,0.17217945579274613
1826,MOZ,2016,0.13344898140983846
1827,MWI,1996,0.19255852778992236
1828,MWI,1997,0.1873131170649638
1829,MWI,1998,0.22487313328396671
1830,MWI,1999,0.15764323734535934
1831,MWI,2000,0.15441706163946958
1832,MWI,2001,0.14535902056893457
1833,MWI,2002,0.137506811624817
1834,MWI,2003,0.16031473035104224
1835,MWI,2004,0.219866314351297
1836,MWI,2005,0.1957422616703765
1837,MWI,2006,0.15293670312339352
1838,MWI,2007,0.13452752293107492
1839,MWI,2008,0.12014073449183627
1840,MWI,2009,0.16671880697097588
1841,MWI,2010,0.1813551084565121
1842,MWI,2011,0.15261693258189174
1843,MWI,2012,0.12133349010040746
1844,MWI,2013,0.11897326765807456
1845,MWI,2014,0.11720587699891277
1846,MWI,2015,0.11567648719009108
1847,MWI,2016,0.11437594143229773
1848,MYS,1996,0.48364203152185525
1849,MYS,1997,0.5165572127209652
1850,MYS,1998,0.5812309527835873
1851,MYS,1999,0.47075182245638975
1852,MYS,2000,0.39640132076934215
1853,MYS,2001,0.39021077653361963
1854,MYS,2002,0.39486567570391046
1855,MYS,2003,0.4517663511680325
1856,MYS,2004,0.4945940139654096
1857,MYS,2005,0.42479646091175255
1858,MYS,2006,0.44769589910791774
1859,MYS,2007,0.44388476305329877
1860,MYS,2008,0.4734329550131023
1861,MYS,2009,0.4655748594659717
1862,MYS,2010,0.43167338140960615
1863,MYS,2011,0.4420875467881097
1864,MYS,2012,0.431197645441564
1865,MYS,2013,0.38300048105216566
1866,MYS,2014,0.45010107176842734
1867,MYS,2015,0.3662098531369593
1868,MYS,2016,0.40237642680308083
1869,NAM,1996,0.7450607518428757
1870,NAM,1997,0.5302240226422309
1871,NAM,1998,0.2719472755018008
1872,NAM,1999,0.25267966387893137
1873,NAM,2000,0.20410126829163777
1874,NAM,2001,0.21723143383282922
1875,NAM,2002,0.1940176469597976
1876,NAM,2003,0.24647030633439337
1877,NAM,2004,0.20763316657842226
1878,NAM,2005,0.20162112198890472
1879,NAM,2006,0.24057222901078112
1880,NAM,2007,0.2668252202807569
1881,NAM,2008,0.3185850004011141
1882,NAM,2009,0.2515996052625802
1883,NAM,2010,0.249819392100148
1884,NAM,2011,0.2643100523393591
1885,NAM,2012,0.29785540337131855
1886,NAM,2013,0.3081656305258773
1887,NAM,2014,0.23212631176548043
1888,NAM,2015,0.26469819163877084
1889,NAM,2016,0.29784084950173995
1890,NER,1996,0.1313671276774399
1891,NER,1997,0.2232000146783904
1892,NER,1998,0.15853701938632722
1893,NER,1999,0.10339852815240065
1894,NER,2000,0.3039223165994492
1895,NER,2001,0.203319004236998
1896,NER,2002,0.18390966139990536
1897,NER,2003,0.17163873020114304
1898,NER,2004,0.10340649001026046
1899,NER,2005,0.08940726868028709
1900,NER,2006,0.0888292173163297
1901,NER,2007,0.11847149899672951
1902,NER,2008,0.17603712731683538
1903,NER,2009,0.14022747593865986
1904,NER,2010,0.09393403906754995
1905,NER,2011,0.08766023875103533
1906,NER,2012,0.09048642817806377
1907,NER,2013,0.11876941434502838
1908,NER,2014,0.13098677942570697
1909,NER,2015,0.12413380070190032
1910,NER,2016,0.11488071868570607
1911,NGA,1996,0.26064044953506277
1912,NGA,1997,0.2840775560296961
1913,NGA,1998,0.3066689817799863
1914,NGA,1999,0.06932587296817327
1915,NGA,2000,0.13553112544018248
1916,NGA,2001,0.13362452677067538
1917,NGA,2002,0.19940201189522644
1918,NGA,2003,0.15692287389254933
1919,NGA,2004,0.1103382198272315
1920,NGA,2005,0.13633798563134977
1921,NGA,2006,0.15577213857809233
1922,NGA,2007,0.16952855492783098
1923,NGA,2008,0.17947090376967514
1924,NGA,2009,0.1599960621654294
1925,NGA,2010,0.13412563853606843
1926,NGA,2011,0.1437656191361715
1927,NGA,2012,0.14234333843149793
1928,NGA,2013,0.15201593572612515
1929,NGA,2014,0.16971835780269476
1930,NGA,2015,0.20550338264709647
1931,NGA,2016,0.22578088563223572
1932,NIC,1996,0.1292600655859803
1933,NIC,1997,0.3864694963375766
1934,NIC,1998,0.6117495135894789
1935,NIC,1999,0.6955514481047912
1936,NIC,2000,0.7719033368694062
1937,NIC,2001,0.4446755884088287
1938,NIC,2002,0.47354625486718416
1939,NIC,2003,0.26611808853471575
1940,NIC,2004,0.2007428206857014
1941,NIC,2005,0.11788052644760866
1942,NIC,2006,0.11437456605713585
1943,NIC,2007,0.1948470279046011
1944,NIC,2008,0.12980493512285868
1945,NIC,2009,0.10788855777510306
1946,NIC,2010,0.12529172569744157
1947,NIC,2011,0.14004325025198056
1948,NIC,2012,0.15861694956020003
1949,NIC,2013,0.17304881246291717
1950,NIC,2014,0.17085571301567232
1951,NIC,2015,0.16618645755555547
1952,NIC,2016,0.1626484834422704
1953,NLD,1996,0.7926341982263194
1954,NLD,1997,0.7783149856400657
1955,NLD,1998,0.7612285065290841
1956,NLD,1999,0.7886378725955666
1957,NLD,2000,0.7781486409166185
1958,NLD,2001,0.7706307141821941
1959,NLD,2002,0.7814065099057682
1960,NLD,2003,0.7982669337780216
1961,NLD,2004,0.8069980081387034
1962,NLD,2005,0.8331636610101103
1963,NLD,2006,0.8705458846327819
1964,NLD,2007,0.8725285939354995
1965,NLD,2008,0.8603376767217449
1966,NLD,2009,0.8425648547353073
1967,NLD,2010,0.8237139023940526
1968,NLD,2011,0.8113792106732577
1969,NLD,2012,0.8103608728006181
1970,NLD,2013,0.8184603598013451
1971,NLD,2014,0.8274633491688758
1972,NLD,2015,0.8499815875749823
1973,NLD,2016,0.8527813166426113
1974,NOR,1996,0.7558402437444411
1975,NOR,1997,0.7743008439449851
1976,NOR,1998,0.7566261066600612
1977,NOR,1999,0.7551610914408439
1978,NOR,2000,0.7480851704126139
1979,NOR,2001,0.7543553823981786
1980,NOR,2002,0.7523772717439392
1981,NOR,2003,0.7788753518248054
1982,NOR,2004,0.7877208430098791
1983,NOR,2005,0.784807700294628
1984,NOR,2006,0.7788322736268198
1985,NOR,2007,0.7844799900735937
1986,NOR,2008,0.7705445833612927
1987,NOR,2009,0.7934444966700199
1988,NOR,2010,0.7846331997442304
1989,NOR,2011,0.7893790387411215
1990,NOR,2012,0.7929291516538554
1991,NOR,2013,0.7904517045775037
1992,NOR,2014,0.7838380500511645
1993,NOR,2015,0.7959548442069792
1994,NOR,2016,0.8141986456608458
1995,NZL,1996,0.7786287178602371
1996,NZL,1997,0.7991425992255657
1997,NZL,1998,0.7950416567257534
1998,NZL,1999,0.7959987697181263
1999,NZL,2000,0.7936674803862624
2000,NZL,2001,0.8071571635928316
2001,NZL,2002,0.807708365245979
2002,NZL,2003,0.7919245829840197
2003,NZL,2004,0.7935005046005056
2004,NZL,2005,0.7994752222663587
2005,NZL,2006,0.8115360485238262
2006,NZL,2007,0.8058529988064074
2007,NZL,2008,0.8090412828104923
2008,NZL,2009,0.7991010272744099
2009,NZL,2010,0.8060806368984227
2010,NZL,2011,0.8044423393278586
2011,NZL,2012,0.8075730948291041
2012,NZL,2013,0.8112130010155764
2013,NZL,2014,0.793755434664118
2014,NZL,2015,0.7924858873110328
2015,NZL,2016,0.7969802536432358
2016,OMN,1996,0.3021726565169801
2017,OMN,1997,0.16387109014289167
2018,OMN,1998,0.159045785074892
2019,OMN,1999,0.1531333586256413
2020,OMN,2000,0.151555660916494
2021,OMN,2001,0.1633681822579576
2022,OMN,2002,0.22899486602052752
2023,OMN,2003,0.22495955894397146
2024,OMN,2004,0.23274350112519837
2025,OMN,2005,0.13996848298459344
2026,OMN,2006,0.1330732097060676
2027,OMN,2007,0.14613333678931387
2028,OMN,2008,0.20159438173224076
2029,OMN,2009,0.2074724771312942
2030,OMN,2010,0.19476714425917882
2031,OMN,2011,0.23182999895164025
2032,OMN,2012,0.2233183249181467
2033,OMN,2013,0.21114457799074318
2034,OMN,2014,0.24518511809744437
2035,OMN,2015,0.21968918094497517
2036,OMN,2016,0.23728268602319214
2037,PAK,1996,0.24062823809529854
2038,PAK,1997,0.26383420274795255
2039,PAK,1998,0.246298013730129
2040,PAK,1999,0.17181996610309286
2041,PAK,2000,0.22972940619157592
2042,PAK,2001,0.15780591052553
2043,PAK,2002,0.14238169305058854
2044,PAK,2003,0.14204538100798
2045,PAK,2004,0.14326276920068765
2046,PAK,2005,0.15644158589638488
2047,PAK,2006,0.13248768961914764
2048,PAK,2007,0.11066851569090563
2049,PAK,2008,0.1001676961015727
2050,PAK,2009,0.09566018321403644
2051,PAK,2010,0.11484684391721214
2052,PAK,2011,0.11731318038875482
2053,PAK,2012,0.11986137950200026
2054,PAK,2013,0.1349047142389459
2055,PAK,2014,0.16267974094633872
2056,PAK,2015,0.1461486203641077
2057,PAK,2016,0.12496290980634248
2058,PAN,1996,0.22918415609930104
2059,PAN,1997,0.11598584133243792
2060,PAN,1998,0.2975813729940571
2061,PAN,1999,0.2653120130227206
2062,PAN,2000,0.27675111598520197
2063,PAN,2001,0.14684144086722126
2064,PAN,2002,0.14925313670942678
2065,PAN,2003,0.05845919080622047
2066,PAN,2004,0.08076059021239171
2067,PAN,2005,0.1282359753633695
2068,PAN,2006,0.15110477886429666
2069,PAN,2007,0.15588913685206748
2070,PAN,2008,0.13186172214956413
2071,PAN,2009,0.16511669450449554
2072,PAN,2010,0.1847631199284931
2073,PAN,2011,0.135448396498565
2074,PAN,2012,0.07379431977500987
2075,PAN,2013,0.09703998968291316
2076,PAN,2014,0.10460678574793303
2077,PAN,2015,0.1348155686475218
2078,PAN,2016,0.12458180421260649
2079,PER,1996,0.17160863033351914
2080,PER,1997,0.1821388633473666
2081,PER,1998,0.15757895500441457
2082,PER,1999,0.15357317166116696
2083,PER,2000,0.15782542117459425
2084,PER,2001,0.1843359062628879
2085,PER,2002,0.14004125016665606
2086,PER,2003,0.16603005175913452
2087,PER,2004,0.10996322494035675
2088,PER,2005,0.13243054686975764
2089,PER,2006,0.11151365280373714
2090,PER,2007,0.1259991871435894
2091,PER,2008,0.1455345309890759
2092,PER,2009,0.1581831663477304
2093,PER,2010,0.1799231690325346
2094,PER,2011,0.1625610774300426
2095,PER,2012,0.14938909192204342
2096,PER,2013,0.14837553480685112
2097,PER,2014,0.14921159071200069
2098,PER,2015,0.15974716576678127
2099,PER,2016,0.14422283948009862
2100,PHL,1996,0.2875450017814358
2101,PHL,1997,0.42081380321023726
2102,PHL,1998,0.6140356613921732
2103,PHL,1999,0.33730549501596824
2104,PHL,2000,0.15391102485077565
2105,PHL,2001,0.17340346023530956
2106,PHL,2002,0.21027468108275196
2107,PHL,2003,0.22849585999358146
2108,PHL,2004,0.14476092430067997
2109,PHL,2005,0.12967444446540138
2110,PHL,2006,0.12828749012620558
2111,PHL,2007,0.17394693726871804
2112,PHL,2008,0.13232705071559198
2113,PHL,2009,0.12998464875509538
2114,PHL,2010,0.12090592258391217
2115,PHL,2011,0.10960087621583654
2116,PHL,2012,0.08624272975989472
2117,PHL,2013,0.1351710933766358
2118,PHL,2014,0.1268988381767467
2119,PHL,2015,0.10711686928081673
2120,PHL,2016,0.1895741131272073
2121,PNG,1996,0.0
2122,PNG,1997,0.03268601347970296
2123,PNG,1998,0.17024772682314204
2124,PNG,1999,0.168899632248109
2125,PNG,2000,0.1664855578591124
2126,PNG,2001,0.14741873190883528
2127,PNG,2002,0.18570723531104213
2128,PNG,2003,0.15536167343740945
2129,PNG,2004,0.1261122737285096
2130,PNG,2005,0.14325766214626204
2131,PNG,2006,0.11365645469703153
2132,PNG,2007,0.1263479058494057
2133,PNG,2008,0.19511759237886075
2134,PNG,2009,0.16539025364585444
2135,PNG,2010,0.1433852910180412
2136,PNG,2011,0.12911239667927443
2137,PNG,2012,0.12528856020598877
2138,PNG,2013,0.15936727102020676
2139,PNG,2014,0.12644685099812786
2140,PNG,2015,0.11467857694331247
2141,PNG,2016,0.11092528814582402
2142,POL,1996,0.7162297973813536
2143,POL,1997,0.7751712385514412
2144,POL,1998,0.8229369722578707
2145,POL,1999,0.6043491178522613
2146,POL,2000,0.42004335622926187
2147,POL,2001,0.49125875772113803
2148,POL,2002,0.5762854059407782
2149,POL,2003,0.4110117987221207
2150,POL,2004,0.24477966966278408
2151,POL,2005,0.2927275873960075
2152,POL,2006,0.2845124039820626
2153,POL,2007,0.30509652768497864
2154,POL,2008,0.5187800032245632
2155,POL,2009,0.5611608333623748
2156,POL,2010,0.578543318143142
2157,POL,2011,0.6013019001363121
2158,POL,2012,0.5876849615448846
2159,POL,2013,0.5251033199372585
2160,POL,2014,0.5301213203791764
2161,POL,2015,0.5549231792449826
2162,POL,2016,0.49192824343434777
2163,PRK,1996,0.15918488282485105
2164,PRK,1997,0.1649332892315379
2165,PRK,1998,0.15039908366370644
2166,PRK,1999,0.1610033583291804
2167,PRK,2000,0.15290190271481544
2168,PRK,2001,0.10277565523448097
2169,PRK,2002,0.12117095063588208
2170,PRK,2003,0.13032630861589187
2171,PRK,2004,0.13672431995700282
2172,PRK,2005,0.14208331520770645
2173,PRK,2006,0.1259824313324605
2174,PRK,2007,0.14035951459883456
2175,PRK,2008,0.1424328549639384
2176,PRK,2009,0.1295936828391953
2177,PRK,2010,0.12694864262279063
2178,PRK,2011,0.12775720021406775
2179,PRK,2012,0.1335612257547306
2180,PRK,2013,0.1266476147082742
2181,PRK,2014,0.12129661684297387
2182,PRK,2015,0.10931171838344114
2183,PRK,2016,0.10568796610366277
2184,PRT,1996,0.9131637271166065
2185,PRT,1997,0.8635073212919002
2186,PRT,1998,0.8801484496285368
2187,PRT,1999,0.8556059771430767
2188,PRT,2000,0.8844390937418883
2189,PRT,2001,0.8161515061531045
2190,PRT,2002,0.8371782974629577
2191,PRT,2003,0.8570675480443343
2192,PRT,2004,0.8247019506371734
2193,PRT,2005,0.8516247798658281
2194,PRT,2006,0.7486942379015088
2195,PRT,2007,0.6775675971296449
2196,PRT,2008,0.7612107571303274
2197,PRT,2009,0.7597189873743257
2198,PRT,2010,0.6932308196543417
2199,PRT,2011,0.6762370164402457
2200,PRT,2012,0.7253072970985698
2201,PRT,2013,0.7442395793298822
2202,PRT,2014,0.7392900521302264
2203,PRT,2015,0.8161970398075068
2204,PRT,2016,0.7920893599943523
2205,PRY,1996,0.2209396789996362
2206,PRY,1997,0.24832420707197722
2207,PRY,1998,0.13840310764100086
2208,PRY,1999,0.11366003438650157
2209,PRY,2000,0.12064837026867192
2210,PRY,2001,0.14357199720113625
2211,PRY,2002,0.08411958887883098
2212,PRY,2003,0.13189265242752585
2213,PRY,2004,0.15783947083994548
2214,PRY,2005,0.15304075622834132
2215,PRY,2006,0.13368051687196836
2216,PRY,2007,0.14143060626147283
2217,PRY,2008,0.1485536047209597
2218,PRY,2009,0.1466441152138537
2219,PRY,2010,0.13304287030095452
2220,PRY,2011,0.14424460814856388
2221,PRY,2012,0.12951714643517476
2222,PRY,2013,0.13303473022825613
2223,PRY,2014,0.17280102295113797
2224,PRY,2015,0.18861697119518855
2225,PRY,2016,0.21427446030812272
2226,QAT,1996,0.15594351058128922
2227,QAT,1997,0.13877306421026933
2228,QAT,1998,0.11681831595576685
2229,QAT,1999,0.16924517175508702
2230,QAT,2000,0.20373138268920762
2231,QAT,2001,0.1587630416074209
2232,QAT,2002,0.16762053102374186
2233,QAT,2003,0.19851583710399062
2234,QAT,2004,0.18228625257098122
2235,QAT,2005,0.20788058127963838
2236,QAT,2006,0.23851825453691158
2237,QAT,2007,0.21467938647271556
2238,QAT,2008,0.29526053350742903
2239,QAT,2009,0.4518877769498463
2240,QAT,2010,0.39834706193597763
2241,QAT,2011,0.428711092147225
2242,QAT,2012,0.4863541780366636
2243,QAT,2013,0.511657408309717
2244,QAT,2014,0.4247995951599094
2245,QAT,2015,0.4031390538745181
2246,QAT,2016,0.3507218144957353
2247,ROM,1996,0.17311116852513633
2248,ROM,1997,0.187224112873358
2249,ROM,1998,0.26039058857207303
2250,ROM,1999,0.716625809752783
2251,ROM,2000,0.480190243046067
2252,ROM,2001,0.6261135145451866
2253,ROM,2002,0.4977305226775281
2254,ROM,2003,0.3274043405418426
2255,ROM,2004,0.2804254611923157
2256,ROM,2005,0.129095632795458
2257,ROM,2006,0.08950954602283498
2258,ROM,2007,0.0682598305613197
2259,ROM,2008,0.08342358834921122
2260,ROM,2009,0.14750340846434698
2261,ROM,2010,0.25281101669911893
2262,ROM,2011,0.297786872808491
2263,ROM,2012,0.23048042630738605
2264,ROM,2013,0.32945862283581234
2265,ROM,2014,0.2842437825979236
2266,ROM,2015,0.3168626347341217
2267,ROM,2016,0.32602319155793796
2268,RUS,1996,0.10365037005828881
2269,RUS,1997,0.2507870601143693
2270,RUS,1998,0.13909152559655333
2271,RUS,1999,0.18292506424087765
2272,RUS,2000,0.18789987170127478
2273,RUS,2001,0.10970593271346833
2274,RUS,2002,0.0912910289507932
2275,RUS,2003,0.152980855967439
2276,RUS,2004,0.19488995415658755
2277,RUS,2005,0.17936932743903797
2278,RUS,2006,0.1606861687833299
2279,RUS,2007,0.14915377197327628
2280,RUS,2008,0.12919365520390794
2281,RUS,2009,0.13990935788209152
2282,RUS,2010,0.1428878749789503
2283,RUS,2011,0.14141818228137593
2284,RUS,2012,0.1448633467405519
2285,RUS,2013,0.14516950547755092
2286,RUS,2014,0.14661988988603059
2287,RUS,2015,0.14168988188209783
2288,RUS,2016,0.14366065539698433
2289,SAU,1996,0.14863501041819382
2290,SAU,1997,0.15132486881358737
2291,SAU,1998,0.14883236404112085
2292,SAU,1999,0.14846454887733906
2293,SAU,2000,0.14952026935194113
2294,SAU,2001,0.16117751731020463
2295,SAU,2002,0.19027215152083193
2296,SAU,2003,0.2100688059059277
2297,SAU,2004,0.1701684980724129
2298,SAU,2005,0.15964501332602168
2299,SAU,2006,0.14919394138663677
2300,SAU,2007,0.15086788574830462
2301,SAU,2008,0.1499702679612111
2302,SAU,2009,0.13306526685139664
2303,SAU,2010,0.13969625508422917
2304,SAU,2011,0.15524470970230106
2305,SAU,2012,0.16207743773238328
2306,SAU,2013,0.15261897958502274
2307,SAU,2014,0.16361828262950423
2308,SAU,2015,0.1552564766140452
2309,SAU,2016,0.1793788950054112
2310,SDN,1996,0.21959831856830547
2311,SDN,1997,0.20132313503341046
2312,SDN,1998,0.21019977480378244
2313,SDN,1999,0.17600720953819052
2314,SDN,2000,0.1705106187341925
2315,SDN,2001,0.17802130269870314
2316,SDN,2002,0.15550850033368524
2317,SDN,2003,0.11206337417632982
2318,SDN,2004,0.12108989694386368
2319,SDN,2005,0.20245083254624818
2320,SDN,2006,0.18962823319426367
2321,SDN,2007,0.2088207662833544
2322,SDN,2008,0.2001539565937654
2323,SDN,2009,0.19719992874281964
2324,SDN,2010,0.19217293921122272
2325,SDN,2011,0.20766367182731968
2326,SDN,2012,0.20111068463398205
2327,SDN,2013,0.1953597354678928
2328,SDN,2014,0.1970569779371948
2329,SDN,2015,0.20122735705192327
2330,SDN,2016,0.19116926484066202
2331,SEN,1996,0.17606470633608406
2332,SEN,1997,0.3607922057226155
2333,SEN,1998,0.45220035968294153
2334,SEN,1999,0.24760214950247783
2335,SEN,2000,0.12731588168178193
2336,SEN,2001,0.13634070916053953
2337,SEN,2002,0.1956179781542618
2338,SEN,2003,0.21881583041978128
2339,SEN,2004,0.21894051331926795
2340,SEN,2005,0.14879590244651814
2341,SEN,2006,0.10222276872122636
2342,SEN,2007,0.14752849396968737
2343,SEN,2008,0.14019398933220584
2344,SEN,2009,0.13859107437501
2345,SEN,2010,0.14304624722149467
2346,SEN,2011,0.14851195852996749
2347,SEN,2012,0.14943558049699482
2348,SEN,2013,0.15926724121254673
2349,SEN,2014,0.15274524279414162
2350,SEN,2015,0.1966362429672141
2351,SEN,2016,0.16268248856159379
2352,SGP,1996,0.8430149590952153
2353,SGP,1997,0.7996467207658449
2354,SGP,1998,0.8150795868894696
2355,SGP,1999,0.785642526553744
2356,SGP,2000,0.7933045219835714
2357,SGP,2001,0.8012829690653992
2358,SGP,2002,0.7274649660897373
2359,SGP,2003,0.8055065224365855
2360,SGP,2004,0.7954011558002785
2361,SGP,2005,0.7685238791459453
2362,SGP,2006,0.8104043884592432
2363,SGP,2007,0.8597798526241689
2364,SGP,2008,0.8450834721562377
2365,SGP,2009,0.823627583935991
2366,SGP,2010,0.8375229125535475
2367,SGP,2011,0.8201964938499947
2368,SGP,2012,0.7845886343639692
2369,SGP,2013,0.7842357040731702
2370,SGP,2014,0.8250552430758512
2371,SGP,2015,0.815706732799925
2372,SGP,2016,0.7924214804975477
2373,SLE,1996,0.18466031792386903
2374,SLE,1997,0.23581873393806663
2375,SLE,1998,0.3110557441084392
2376,SLE,1999,0.3729678366591719
2377,SLE,2000,0.28814342036161306
2378,SLE,2001,0.2814002884771363
2379,SLE,2002,0.11881066312177951
2380,SLE,2003,0.05136945072371575
2381,SLE,2004,0.07126339133209064
2382,SLE,2005,0.08515708995256978
2383,SLE,2006,0.20275826087319768
2384,SLE,2007,0.22474701141725897
2385,SLE,2008,0.2025996362651415
2386,SLE,2009,0.15140380194316808
2387,SLE,2010,0.13380421451717212
2388,SLE,2011,0.14171234747271716
2389,SLE,2012,0.12342823096367847
2390,SLE,2013,0.12291741493639041
2391,SLE,2014,0.19628374530553588
2392,SLE,2015,0.16459827805486538
2393,SLE,2016,0.1816791049675244
2394,SLV,1996,0.19525082510374628
2395,SLV,1997,0.202426807753221
2396,SLV,1998,0.1814876714101473
2397,SLV,1999,0.19019198531331907
2398,SLV,2000,0.20861070237450913
2399,SLV,2001,0.2125708242693692
2400,SLV,2002,0.1878609829039066
2401,SLV,2003,0.15988742957394791
2402,SLV,2004,0.15550215609374377
2403,SLV,2005,0.15466668655775595
2404,SLV,2006,0.16343675404123456
2405,SLV,2007,0.16840385414984685
2406,SLV,2008,0.18306545588818746
2407,SLV,2009,0.1975247327107328
2408,SLV,2010,0.2236907155565559
2409,SLV,2011,0.2135729700666702
2410,SLV,2012,0.20751216124843744
2411,SLV,2013,0.17658664453684833
2412,SLV,2014,0.16319002051061984
2413,SLV,2015,0.15412888397265076
2414,SLV,2016,0.1508796489822519
2415,SOM,1996,0.15995634676590575
2416,SOM,1997,0.13962954960416282
2417,SOM,1998,0.17740933899441494
2418,SOM,1999,0.16325269284141564
2419,SOM,2000,0.22999904754844933
2420,SOM,2001,0.15616171906122323
2421,SOM,2002,0.18339953955048674
2422,SOM,2003,0.16239626487716613
2423,SOM,2004,0.13812250693030773
2424,SOM,2005,0.13680899022159956
2425,SOM,2006,0.13007876824719775
2426,SOM,2007,0.1047675566775959
2427,SOM,2008,0.10499399698309153
2428,SOM,2009,0.09984406642643133
2429,SOM,2010,0.10520403887077708
2430,SOM,2011,0.11133741932704827
2431,SOM,2012,0.11689851204826973
2432,SOM,2013,0.13511369665055173
2433,SOM,2014,0.13650493203441588
2434,SOM,2015,0.14964800145760856
2435,SOM,2016,0.13109680328213277
2436,SRB,1996,0.20613367060566012
2437,SRB,1997,0.20907079387359273
2438,SRB,1998,0.1916855214312677
2439,SRB,1999,0.19471532697787025
2440,SRB,2000,0.18948319759777763
2441,SRB,2001,0.17755520401612435
2442,SRB,2002,0.16803170166614925
2443,SRB,2003,0.1556101676315122
2444,SRB,2004,0.15562273825965658
2445,SRB,2005,0.16226542185765752
2446,SRB,2006,0.12573828330939063
2447,SRB,2007,0.15086858780254156
2448,SRB,2008,0.12865306811507785
2449,SRB,2009,0.15039914766248216
2450,SRB,2010,0.14431945647227226
2451,SRB,2011,0.13864458647788258
2452,SRB,2012,0.1495606864307353
2453,SRB,2013,0.16425815349353906
2454,SRB,2014,0.20366573413991254
2455,SRB,2015,0.18456746803041063
2456,SRB,2016,0.14685484326639853
2457,SUR,1996,0.2644489238156653
2458,SUR,1997,0.19706459212575442
2459,SUR,1998,0.20947220177820872
2460,SUR,1999,0.24188202146604681
2461,SUR,2000,0.2939647890046349
2462,SUR,2001,0.17846396774720577
2463,SUR,2002,0.2016312607914067
2464,SUR,2003,0.2082069428503013
2465,SUR,2004,0.18778724189703333
2466,SUR,2005,0.15617058902589825
2467,SUR,2006,0.10151304203636546
2468,SUR,2007,0.1111738302291827
2469,SUR,2008,0.139913274962305
2470,SUR,2009,0.1509293691707059
2471,SUR,2010,0.1387609828061563
2472,SUR,2011,0.14351777376375688
2473,SUR,2012,0.15407602830469302
2474,SUR,2013,0.16063244108973235
2475,SUR,2014,0.16265135459577668
2476,SUR,2015,0.1502470769880486
2477,SUR,2016,0.13513992160856172
2478,SVK,1996,0.5098656028569801
2479,SVK,1997,0.5840604481715183
2480,SVK,1998,0.4582321192417746
2481,SVK,1999,0.6192456950821185
2482,SVK,2000,0.46437342119600017
2483,SVK,2001,0.5272492637889467
2484,SVK,2002,0.4666159178353084
2485,SVK,2003,0.520652599956641
2486,SVK,2004,0.4546540532695101
2487,SVK,2005,0.5228304820951047
2488,SVK,2006,0.5090688544272003
2489,SVK,2007,0.5815475727194361
2490,SVK,2008,0.5815227974213253
2491,SVK,2009,0.5757175147309326
2492,SVK,2010,0.617358425032639
2493,SVK,2011,0.5385337584295625
2494,SVK,2012,0.5875739545859631
2495,SVK,2013,0.5277928299327496
2496,SVK,2014,0.5392945906509262
2497,SVK,2015,0.44690379882574216
2498,SVK,2016,0.49689752343163146
2499,SVN,1996,0.8130181933859765
2500,SVN,1997,0.8012187278797505
2501,SVN,1998,0.8473684180931009
2502,SVN,1999,0.8307503156389031
2503,SVN,2000,0.7632345449021815
2504,SVN,2001,0.8254207593188422
2505,SVN,2002,0.7686281961998849
2506,SVN,2003,0.7806377875017224
2507,SVN,2004,0.7415916555070419
2508,SVN,2005,0.7466820992659047
2509,SVN,2006,0.7627311247065289
2510,SVN,2007,0.7353205470621481
2511,SVN,2008,0.7903589440019086
2512,SVN,2009,0.7935556820116165
2513,SVN,2010,0.7469478947589652
2514,SVN,2011,0.6854047568455195
2515,SVN,2012,0.7061578077018386
2516,SVN,2013,0.6498321579548396
2517,SVN,2014,0.6911681733397523
2518,SVN,2015,0.6761096132230853
2519,SVN,2016,0.7711515517553496
2520,SWE,1996,0.7545636509521847
2521,SWE,1997,0.7844282419267313
2522,SWE,1998,0.7883599056447341
2523,SWE,1999,0.8075236614276364
2524,SWE,2000,0.8437577790267136
2525,SWE,2001,0.8072653403456409
2526,SWE,2002,0.7978280425481837
2527,SWE,2003,0.8014783803122759
2528,SWE,2004,0.7984265887884784
2529,SWE,2005,0.8115514403311872
2530,SWE,2006,0.8106812731253675
2531,SWE,2007,0.8063254711959755
2532,SWE,2008,0.8052755602690691
2533,SWE,2009,0.7949678933251404
2534,SWE,2010,0.8025569189345332
2535,SWE,2011,0.826119760604324
2536,SWE,2012,0.8239504903054892
2537,SWE,2013,0.8221953594211218
2538,SWE,2014,0.8171644572304658
2539,SWE,2015,0.8206365231731351
2540,SWE,2016,0.8166902928916955
2541,SYR,1996,0.37662863435522614
2542,SYR,1997,0.2667882547116306
2543,SYR,1998,0.2575551453157995
2544,SYR,1999,0.2392542661551348
2545,SYR,2000,0.26248903085119263
2546,SYR,2001,0.19820400369797114
2547,SYR,2002,0.2127826327317104
2548,SYR,2003,0.2375376349982999
2549,SYR,2004,0.2002429728076633
2550,SYR,2005,0.2192377742925085
2551,SYR,2006,0.2064711989354618
2552,SYR,2007,0.20148031173150874
2553,SYR,2008,0.19876904195377978
2554,SYR,2009,0.18876072539634314
2555,SYR,2010,0.20069938788192035
2556,SYR,2011,0.19435100869668903
2557,SYR,2012,0.20067369409852692
2558,SYR,2013,0.21088089371128016
2559,SYR,2014,0.21073716778980484
2560,SYR,2015,0.19559682874278814
2561,SYR,2016,0.1892257360158968
2562,TGO,1996,0.15690546524100496
2563,TGO,1997,0.14420644643781863
2564,TGO,1998,0.09470903869707284
2565,TGO,1999,0.0983388918655362
2566,TGO,2000,0.10630034313128112
2567,TGO,2001,0.10210436803115709
2568,TGO,2002,0.143596054269697
2569,TGO,2003,0.1291177207747766
2570,TGO,2004,0.11290761467907132
2571,TGO,2005,0.09814561897279193
2572,TGO,2006,0.0832470032930582
2573,TGO,2007,0.08857077137707102
2574,TGO,2008,0.09448026975285065
2575,TGO,2009,0.10192895696771982
2576,TGO,2010,0.11272757857101169
2577,TGO,2011,0.13623508705213366
2578,TGO,2012,0.12983510991572944
2579,TGO,2013,0.1380180980479301
2580,TGO,2014,0.15033539941838292
2581,TGO,2015,0.14658877135876217
2582,TGO,2016,0.16055456720249445
2583,THA,1996,0.4940587281498422
2584,THA,1997,0.3109981700597866
2585,THA,1998,0.29099849108185094
2586,THA,1999,0.21123354096750574
2587,THA,2000,0.29787888078505487
2588,THA,2001,0.16933273650260552
2589,THA,2002,0.22301503813058945
2590,THA,2003,0.10177468593658766
2591,THA,2004,0.08606552211393048
2592,THA,2005,0.16497592086333462
2593,THA,2006,0.20597407108038837
2594,THA,2007,0.19205081148285424
2595,THA,2008,0.18353014343857066
2596,THA,2009,0.1766539702718581
2597,THA,2010,0.18120903566560873
2598,THA,2011,0.17935234299664538
2599,THA,2012,0.1883331530878412
2600,THA,2013,0.2020276220943731
2601,THA,2014,0.2099594481096201
2602,THA,2015,0.19009228641728512
2603,THA,2016,0.19027033440190888
2604,TTO,1996,0.22493809825253216
2605,TTO,1997,0.27879079095712284
2606,TTO,1998,0.4792606731379161
2607,TTO,1999,0.30391936826403787
2608,TTO,2000,0.3715261291496375
2609,TTO,2001,0.20460460588545445
2610,TTO,2002,0.30823759213985125
2611,TTO,2003,0.24378157245592527
2612,TTO,2004,0.19525780388222366
2613,TTO,2005,0.1867276553648199
2614,TTO,2006,0.11414973053973992
2615,TTO,2007,0.14040660483036987
2616,TTO,2008,0.1264534251350022
2617,TTO,2009,0.1459410178834886
2618,TTO,2010,0.15718840390431216
2619,TTO,2011,0.1767448747700023
2620,TTO,2012,0.16055047063828976
2621,TTO,2013,0.14743873772697463
2622,TTO,2014,0.13550148054141595
2623,TTO,2015,0.1328275776694741
2624,TTO,2016,0.136510020143826
2625,TUN,1996,0.22259514859412485
2626,TUN,1997,0.15389490046636212
2627,TUN,1998,0.13203442571296584
2628,TUN,1999,0.11373296574547466
2629,TUN,2000,0.13903710674791214
2630,TUN,2001,0.1500371757310544
2631,TUN,2002,0.1623696515601482
2632,TUN,2003,0.14773987206157418
2633,TUN,2004,0.16479965715249567
2634,TUN,2005,0.16955753114646396
2635,TUN,2006,0.17731328068413005
2636,TUN,2007,0.1465361244096149
2637,TUN,2008,0.14820634919561634
2638,TUN,2009,0.16033102858420964
2639,TUN,2010,0.14817253885187878
2640,TUN,2011,0.14696247516201488
2641,TUN,2012,0.14931139302105534
2642,TUN,2013,0.12188151121974414
2643,TUN,2014,0.13487903364036322
2644,TUN,2015,0.1727227694671253
2645,TUN,2016,0.1978821359585534
2646,TUR,1996,0.10864516633281449
2647,TUR,1997,0.14052377772986377
2648,TUR,1998,0.21562270943309012
2649,TUR,1999,0.3170549324325908
2650,TUR,2000,0.1352415109752021
2651,TUR,2001,0.10694269393976248
2652,TUR,2002,0.13292546351263576
2653,TUR,2003,0.17828829147355954
2654,TUR,2004,0.1644929769239575
2655,TUR,2005,0.16146623358896078
2656,TUR,2006,0.20562161144086405
2657,TUR,2007,0.17612500821688248
2658,TUR,2008,0.17725279088627577
2659,TUR,2009,0.2042553327632845
2660,TUR,2010,0.22074420731053457
2661,TUR,2011,0.1922915389509449
2662,TUR,2012,0.20084683042775414
2663,TUR,2013,0.20949045033000493
2664,TUR,2014,0.20912765373099826
2665,TUR,2015,0.21510482716109883
2666,TUR,2016,0.25619618169611336
2667,TWN,1996,0.7777025052733649
2668,TWN,1997,0.7300105667850354
2669,TWN,1998,0.6686493757128696
2670,TWN,1999,0.6159204295222959
2671,TWN,2000,0.6076682836832049
2672,TWN,2001,0.6219661393766546
2673,TWN,2002,0.629379103385963
2674,TWN,2003,0.6959865501082035
2675,TWN,2004,0.690615373240979
2676,TWN,2005,0.6229565717723256
2677,TWN,2006,0.6737475929427664
2678,TWN,2007,0.6907969369321647
2679,TWN,2008,0.6148604730171051
2680,TWN,2009,0.6743178898802434
2681,TWN,2010,0.7167607404822648
2682,TWN,2011,0.6442045071962952
2683,TWN,2012,0.6686505992622706
2684,TWN,2013,0.7114591560328422
2685,TWN,2014,0.7632707497059248
2686,TWN,2015,0.8095857143945632
2687,TWN,2016,0.7602370726550399
2688,TZA,1996,0.2967269405489577
2689,TZA,1997,0.1887811623698326
2690,TZA,1998,0.1356572826764556
2691,TZA,1999,0.15200669401631783
2692,TZA,2000,0.19680178356528086
2693,TZA,2001,0.22685548819496462
2694,TZA,2002,0.1681687741687094
2695,TZA,2003,0.11762823832206992
2696,TZA,2004,0.1046562764461801
2697,TZA,2005,0.15925210600622797
2698,TZA,2006,0.13832756525970022
2699,TZA,2007,0.1408763986389549
2700,TZA,2008,0.17147621389655696
2701,TZA,2009,0.19182699328516178
2702,TZA,2010,0.17367162522292875
2703,TZA,2011,0.15280842392220328
2704,TZA,2012,0.17895789352921884
2705,TZA,2013,0.2159346800016681
2706,TZA,2014,0.15691697313976227
2707,TZA,2015,0.17247706051606795
2708,TZA,2016,0.17737420384561947
2709,UGA,1996,0.144768799529434
2710,UGA,1997,0.17572578465307379
2711,UGA,1998,0.14587987578209013
2712,UGA,1999,0.1984424563148801
2713,UGA,2000,0.16894809535073707
2714,UGA,2001,0.1573748965668527
2715,UGA,2002,0.14692967713879077
2716,UGA,2003,0.13174052698965893
2717,UGA,2004,0.12720991436042053
2718,UGA,2005,0.14100425561776866
2719,UGA,2006,0.16636207566164177
2720,UGA,2007,0.15851406857153652
2721,UGA,2008,0.17869858286022192
2722,UGA,2009,0.17178636639242212
2723,UGA,2010,0.1587650402234588
2724,UGA,2011,0.15890956886394306
2725,UGA,2012,0.15838706405922415
2726,UGA,2013,0.15343066652865475
2727,UGA,2014,0.1424702135559581
2728,UGA,2015,0.12808636293463052
2729,UGA,2016,0.1464376266870222
2730,UKR,1996,0.19054984798039698
2731,UKR,1997,0.21534096124848445
2732,UKR,1998,0.18204125903397456
2733,UKR,1999,0.20091181141852785
2734,UKR,2000,0.21465200823434424
2735,UKR,2001,0.20821193755505776
2736,UKR,2002,0.17357427914252527
2737,UKR,2003,0.18130478148787818
2738,UKR,2004,0.17331042442301703
2739,UKR,2005,0.17056170913127403
2740,UKR,2006,0.14240160298360482
2741,UKR,2007,0.14537404722406663
2742,UKR,2008,0.15610689756747725
2743,UKR,2009,0.1339466295259884
2744,UKR,2010,0.2236308360198463
2745,UKR,2011,0.18783332668832844
2746,UKR,2012,0.1550132290827932
2747,UKR,2013,0.12044721644429215
2748,UKR,2014,0.18664737209791527
2749,UKR,2015,0.20642681941101085
2750,UKR,2016,0.2154624659235784
2751,URY,1996,0.5252717514001489
2752,URY,1997,0.3824436067030666
2753,URY,1998,0.5048484472293767
2754,URY,1999,0.4766878424028218
2755,URY,2000,0.5323225755021742
2756,URY,2001,0.3966674756908333
2757,URY,2002,0.4979313142554329
2758,URY,2003,0.341376954677649
2759,URY,2004,0.27621645545361534
2760,URY,2005,0.39757733237124615
2761,URY,2006,0.4297084814319462
2762,URY,2007,0.42732850961173424
2763,URY,2008,0.431323597791796
2764,URY,2009,0.43401745537392306
2765,URY,2010,0.4317044834730656
2766,URY,2011,0.40288161769073544
2767,URY,2012,0.28402513132626367
2768,URY,2013,0.3068930174205365
2769,URY,2014,0.4292818490993171
2770,URY,2015,0.43662930205989126
2771,URY,2016,0.43497134026628703
2772,USA,1996,0.8438619283731441
2773,USA,1997,0.8241568710984868
2774,USA,1998,0.8249316290865792
2775,USA,1999,0.7826193429782823
2776,USA,2000,0.7549331879890454
2777,USA,2001,0.7741606521676854
2778,USA,2002,0.8380196374234685
2779,USA,2003,0.8837312739731569
2780,USA,2004,0.8658389655751857
2781,USA,2005,0.8535680880099337
2782,USA,2006,0.8310163926707952
2783,USA,2007,0.8575422691054102
2784,USA,2008,0.8341931044984698
2785,USA,2009,0.823991489731786
2786,USA,2010,0.8336225899058995
2787,USA,2011,0.8303241017560874
2788,USA,2012,0.8247991423745648
2789,USA,2013,0.8322058145445203
2790,USA,2014,0.8279781599720246
2791,USA,2015,0.8219480228923645
2792,USA,2016,0.8215179278901785
2793,VEN,1996,0.19235427776302919
2794,VEN,1997,0.1810948800058283
2795,VEN,1998,0.21423913440486944
2796,VEN,1999,0.2714836873476584
2797,VEN,2000,0.2370997177346642
2798,VEN,2001,0.15928428660480834
2799,VEN,2002,0.1712245107023184
2800,VEN,2003,0.13497322814308993
2801,VEN,2004,0.13011786684896692
2802,VEN,2005,0.15077331625083792
2803,VEN,2006,0.15658749466282834
2804,VEN,2007,0.16619834753018056
2805,VEN,2008,0.1523814995904757
2806,VEN,2009,0.15100356351155064
2807,VEN,2010,0.13696589394677885
2808,VEN,2011,0.13021487285272998
2809,VEN,2012,0.1276835547342839
2810,VEN,2013,0.12944479167297085
2811,VEN,2014,0.13742912267124746
2812,VEN,2015,0.13837551411371962
2813,VEN,2016,0.1420788372906848
2814,VNM,1996,0.27512158886911914
2815,VNM,1997,0.194244433204866
2816,VNM,1998,0.13699573702335496
2817,VNM,1999,0.14549083096965407
2818,VNM,2000,0.1464867863001805
2819,VNM,2001,0.09146969233429979
2820,VNM,2002,0.1035327202919403
2821,VNM,2003,0.11309885387719956
2822,VNM,2004,0.1358212918056158
2823,VNM,2005,0.1123582229212654
2824,VNM,2006,0.11637107237916663
2825,VNM,2007,0.12106772982730929
2826,VNM,2008,0.1129286042816356
2827,VNM,2009,0.10965134625793838
2828,VNM,2010,0.11678885354645067
2829,VNM,2011,0.13119954352401947
2830,VNM,2012,0.13164674855827266
2831,VNM,2013,0.13944682870779412
2832,VNM,2014,0.13143046738051106
2833,VNM,2015,0.14133812822405195
2834,VNM,2016,0.1607224241966984
2835,YEM,1996,0.28749939034730543
2836,YEM,1997,0.14824283268651647
2837,YEM,1998,0.19975369154756792
2838,YEM,1999,0.2717857798070676
2839,YEM,2000,0.22650652116217068
2840,YEM,2001,0.1333405470054324
2841,YEM,2002,0.1479072891755687
2842,YEM,2003,0.13967859609369315
2843,YEM,2004,0.1577323559374096
2844,YEM,2005,0.17303420381193363
2845,YEM,2006,0.1714909064794511
2846,YEM,2007,0.18638485743271535
2847,YEM,2008,0.19302716477112597
2848,YEM,2009,0.1865034567661587
2849,YEM,2010,0.1830474216333935
2850,YEM,2011,0.12987720933905175
2851,YEM,2012,0.1283641779351322
2852,YEM,2013,0.13500145082022927
2853,YEM,2014,0.14328279856565432
2854,YEM,2015,0.18999927496650715
2855,YEM,2016,0.16949228270960529
2856,ZAF,1996,0.5975894765661988
2857,ZAF,1997,0.485885646283973
2858,ZAF,1998,0.31185566676461546
2859,ZAF,1999,0.25163229772474666
2860,ZAF,2000,0.27047419636382525
2861,ZAF,2001,0.24064914964862832
2862,ZAF,2002,0.21516818166317578
2863,ZAF,2003,0.19687150332719822
2864,ZAF,2004,0.236711603961549
2865,ZAF,2005,0.24227014406103858
2866,ZAF,2006,0.24272680064295904
2867,ZAF,2007,0.2149083214523562
2868,ZAF,2008,0.16897969240137511
2869,ZAF,2009,0.15608034052391215
2870,ZAF,2010,0.1545814844582164
2871,ZAF,2011,0.15575809146709976
2872,ZAF,2012,0.14526466361127285
2873,ZAF,2013,0.16817058442492325
2874,ZAF,2014,0.15800377060492987
2875,ZAF,2015,0.14535917285174463
2876,ZAF,2016,0.14581943723323218
2877,ZAR,1996,0.11594065931589213
2878,ZAR,1997,0.15025171867071924
2879,ZAR,1998,0.16182241522745974
2880,ZAR,1999,0.19030636153202155
2881,ZAR,2000,0.18142783915726332
2882,ZAR,2001,0.1908758414653734
2883,ZAR,2002,0.22170270668115447
2884,ZAR,2003,0.2072816291790649
2885,ZAR,2004,0.19482455460160347
2886,ZAR,2005,0.2018952721779048
2887,ZAR,2006,0.12324306289355437
2888,ZAR,2007,0.11974421241689567
2889,ZAR,2008,0.12722487840478186
2890,ZAR,2009,0.12286534014085504
2891,ZAR,2010,0.11753532006742487
2892,ZAR,2011,0.12411754505957213
2893,ZAR,2012,0.12993780219945442
2894,ZAR,2013,0.13768268173885387
2895,ZAR,2014,0.14196557048905548
2896,ZAR,2015,0.13374700873856332
2897,ZAR,2016,0.1323674036074039
2898,ZMB,1996,0.14927486176208765
2899,ZMB,1997,0.12185562358606451
2900,ZMB,1998,0.16543741905464404
2901,ZMB,1999,0.1783368388801399
2902,ZMB,2000,0.18713951961087483
2903,ZMB,2001,0.226190203965425
2904,ZMB,2002,0.19548005965575038
2905,ZMB,2003,0.23107170641128524
2906,ZMB,2004,0.146349747020059
2907,ZMB,2005,0.14968333180626686
2908,ZMB,2006,0.18048714962524592
2909,ZMB,2007,0.17108958837179922
2910,ZMB,2008,0.18830846478263785
2911,ZMB,2009,0.19902073186831107
2912,ZMB,2010,0.1847335358615532
2913,ZMB,2011,0.22693377833816614
2914,ZMB,2012,0.2212007765721387
2915,ZMB,2013,0.18438994694338823
2916,ZMB,2014,0.16839828585778235
2917,ZMB,2015,0.16085181422131595
2918,ZMB,2016,0.18787707131330048
2919,ZWE,1996,0.1396703101978027
2920,ZWE,1997,0.20446527028874753
2921,ZWE,1998,0.12152650875521728
2922,ZWE,1999,0.15285293189841465
2923,ZWE,2000,0.14311035600445854
2924,ZWE,2001,0.14374900135310512
2925,ZWE,2002,0.1949092276180532
2926,ZWE,2003,0.21732916958336873
2927,ZWE,2004,0.1606730446828381
2928,ZWE,2005,0.1979229074944592
2929,ZWE,2006,0.2125640635628221
2930,ZWE,2007,0.14042532007346445
2931,ZWE,2008,0.11337356035494299
2932,ZWE,2009,0.12491570830606152
2933,ZWE,2010,0.1267345743231731
2934,ZWE,2011,0.13517445340352294
2935,ZWE,2012,0.1421789638472587
2936,ZWE,2013,0.1484058123204314
2937,ZWE,2014,0.15536518681204356
2938,ZWE,2015,0.1484725965878364
2939,ZWE,2016,0.15019335158906208
